,_replies,_submission,_reddit,subreddit_id,approved_at_utc,author_is_blocked,comment_type,awarders,mod_reason_by,banned_by,author_flair_type,total_awards_received,subreddit,author_flair_template_id,likes,user_reports,saved,id,banned_at_utc,mod_reason_title,gilded,archived,collapsed_reason_code,no_follow,author,can_mod_post,created_utc,send_replies,parent_id,score,author_fullname,approved_by,mod_note,all_awardings,collapsed,body,edited,top_awarded_type,author_flair_css_class,name,is_submitter,downs,author_flair_richtext,author_patreon_flair,body_html,removal_reason,collapsed_reason,distinguished,associated_award,stickied,author_premium,can_gild,gildings,unrepliable_reason,author_flair_text_color,score_hidden,permalink,subreddit_type,locked,report_reasons,created,author_flair_text,treatment_tags,link_id,subreddit_name_prefixed,controversiality,depth,author_flair_background_color,collapsed_because_crowd_control,mod_reports,num_reports,ups,_fetched,author_cakeday
0,<praw.models.comment_forest.CommentForest object at 0x000001BBD50855B0>,hz2gk9,<praw.reddit.Reddit object at 0x000001BBD5045D60>,t5_2kpdau,,False,,[],,,text,0,delta8,,,[],False,fzgd6ob,,,0,True,,False,greysquirrels,False,1595889964.0,True,t3_hz2gk9,12,t2_yy9mn,,,[],False,"D8 is harsher than D9, you don’t have coronavirus and you are going to be fine lol. You might be high for about 2 hours but just relax and listen to music or watch tv or play some games. If this is your first time, just try to enjoy it and try to stop fighting it.

Also next time try smaller hits, and don’t do as much. A blinker is harder to do than 5 seconds twice, so next time just take it slower to prevent the coughing/paranoia",False,,,t1_fzgd6ob,False,0,[],False,"<div class=""md""><p>D8 is harsher than D9, you don’t have coronavirus and you are going to be fine lol. You might be high for about 2 hours but just relax and listen to music or watch tv or play some games. If this is your first time, just try to enjoy it and try to stop fighting it.</p>

<p>Also next time try smaller hits, and don’t do as much. A blinker is harder to do than 5 seconds twice, so next time just take it slower to prevent the coughing/paranoia</p>
</div>",,,,,False,False,True,{},,,False,/r/delta8/comments/hz2gk9/just_coughed_my_lungs_out_from_doing_what_i_think/fzgd6ob/,public,False,,1595889964.0,,[],t3_hz2gk9,r/delta8,0,0,,,[],,12,True,
1,<praw.models.comment_forest.CommentForest object at 0x000001BBD5085370>,hz2gk9,<praw.reddit.Reddit object at 0x000001BBD5045D60>,t5_2kpdau,,False,,[],,,text,0,delta8,,,[],False,fzgd09s,,,0,True,,False,mellowslow77,False,1595889869.0,True,t3_hz2gk9,9,t2_4gnn8we8,,,[],False,You’ll be ok. Why would you blink the bat if it was your first time tho. Strong stuff??,False,,,t1_fzgd09s,False,0,[],False,"<div class=""md""><p>You’ll be ok. Why would you blink the bat if it was your first time tho. Strong stuff??</p>
</div>",,,,,False,False,True,{},,,False,/r/delta8/comments/hz2gk9/just_coughed_my_lungs_out_from_doing_what_i_think/fzgd09s/,public,False,,1595889869.0,,[],t3_hz2gk9,r/delta8,0,0,,,[],,9,True,
2,<praw.models.comment_forest.CommentForest object at 0x000001BBD507ABE0>,hz2gk9,<praw.reddit.Reddit object at 0x000001BBD5045D60>,t5_2kpdau,,False,,[],,,text,0,delta8,,,[],False,g03epm3,,,0,True,,True,MacPats,False,1596374735.0,True,t3_hz2gk9,2,t2_3hctn0x7,,,[],False,Fuck carts bro smoke flower.,False,,,t1_g03epm3,False,0,[],False,"<div class=""md""><p>Fuck carts bro smoke flower.</p>
</div>",,,,,False,False,True,{},,,False,/r/delta8/comments/hz2gk9/just_coughed_my_lungs_out_from_doing_what_i_think/g03epm3/,public,False,,1596374735.0,,[],t3_hz2gk9,r/delta8,0,0,,,[],,2,True,
3,<praw.models.comment_forest.CommentForest object at 0x000001BBD507AC70>,hz2gk9,<praw.reddit.Reddit object at 0x000001BBD5045D60>,t5_2kpdau,,False,,[],,,text,0,delta8,,,[],False,fzgk6s3,,,0,True,,True,FloridaFlows,False,1595893708.0,True,t3_hz2gk9,1,t2_5ovnec26,,,[],False,Sounds like first time jitters. Just chill and keep to smaller hits and you'll be fine,False,,,t1_fzgk6s3,False,0,[],False,"<div class=""md""><p>Sounds like first time jitters. Just chill and keep to smaller hits and you&#39;ll be fine</p>
</div>",,,,,False,False,True,{},,,False,/r/delta8/comments/hz2gk9/just_coughed_my_lungs_out_from_doing_what_i_think/fzgk6s3/,public,False,,1595893708.0,,[],t3_hz2gk9,r/delta8,0,0,,,[],,1,True,True
4,<praw.models.comment_forest.CommentForest object at 0x000001BBD507AF40>,hz2gk9,<praw.reddit.Reddit object at 0x000001BBD5045D60>,t5_2kpdau,,False,,[],,,text,0,delta8,,,[],False,fzhno0l,,,0,True,,True,Swiftyhits,False,1595919703.0,True,t3_hz2gk9,0,t2_5uk1u4m3,,,[],False,"Botanical terps will leave you wheezing, can cause paranoia in a time like this. Just stay safe.",False,,,t1_fzhno0l,False,0,[],False,"<div class=""md""><p>Botanical terps will leave you wheezing, can cause paranoia in a time like this. Just stay safe.</p>
</div>",,,,,False,False,True,{},,,False,/r/delta8/comments/hz2gk9/just_coughed_my_lungs_out_from_doing_what_i_think/fzhno0l/,public,False,,1595919703.0,,[],t3_hz2gk9,r/delta8,0,0,,,[],,0,True,
