,_replies,_submission,_reddit,body,subreddit_id,approved_at_utc,author_is_blocked,comment_type,awarders,mod_reason_by,banned_by,author_flair_type,total_awards_received,subreddit,author_flair_template_id,likes,user_reports,saved,id,banned_at_utc,mod_reason_title,gilded,archived,collapsed_reason_code,no_follow,author,can_mod_post,created_utc,send_replies,parent_id,score,author_fullname,approved_by,mod_note,all_awardings,collapsed,author_cakeday,edited,top_awarded_type,author_flair_css_class,name,is_submitter,downs,author_flair_richtext,author_patreon_flair,body_html,removal_reason,collapsed_reason,distinguished,associated_award,stickied,author_premium,can_gild,gildings,unrepliable_reason,author_flair_text_color,score_hidden,permalink,subreddit_type,locked,report_reasons,created,author_flair_text,treatment_tags,link_id,subreddit_name_prefixed,controversiality,depth,author_flair_background_color,collapsed_because_crowd_control,mod_reports,num_reports,ups,_fetched
0,<praw.models.comment_forest.CommentForest object at 0x000001BBD5178DC0>,irh3kk,<praw.reddit.Reddit object at 0x000001BBD5045D60>,Tincture or edible. You'll probably have a hell of a coughing fit if you vape right now.,t5_2kpdau,,False,,[],,,text,0,delta8,,,[],False,g4ycuyc,,,0,True,,False,MidwestSkateDad,False,1599933190.0,True,t3_irh3kk,7,t2_5kv1jgs8,,,[],False,True,False,,,t1_g4ycuyc,False,0,[],False,"<div class=""md""><p>Tincture or edible. You&#39;ll probably have a hell of a coughing fit if you vape right now.</p>
</div>",,,,,False,False,True,{},,,False,/r/delta8/comments/irh3kk/really_weird_question_and_not_sure_anyone_will/g4ycuyc/,public,False,,1599933190.0,,[],t3_irh3kk,r/delta8,0,0,,,[],,7,True
1,<praw.models.comment_forest.CommentForest object at 0x000001BBD51780A0>,irh3kk,<praw.reddit.Reddit object at 0x000001BBD5045D60>,"If you need to, id suggest taking multiple baby hits instead of less larger ones, but with that said, if you can use edibles or tinctures it would be better to let your lungs rest. Ive smoked regular weed and cigarettes years ago with broncitus and recovered, but id imagine i would have recovered sooner without. Not meaning to cause panic, but its better to be extra safe right now too with covid and broncitus having simular symptoms. Dont know if this is a concern or if youve been screened but I thought id throw it out there",t5_2kpdau,,False,,[],,,,0,delta8,,,[],False,g4yn8w5,,,0,True,,False,,False,1599937173.0,True,t3_irh3kk,4,,,,[],False,,False,,,t1_g4yn8w5,False,0,,,"<div class=""md""><p>If you need to, id suggest taking multiple baby hits instead of less larger ones, but with that said, if you can use edibles or tinctures it would be better to let your lungs rest. Ive smoked regular weed and cigarettes years ago with broncitus and recovered, but id imagine i would have recovered sooner without. Not meaning to cause panic, but its better to be extra safe right now too with covid and broncitus having simular symptoms. Dont know if this is a concern or if youve been screened but I thought id throw it out there</p>
</div>",,,,,False,,False,{},,dark,False,/r/delta8/comments/irh3kk/really_weird_question_and_not_sure_anyone_will/g4yn8w5/,public,False,,1599937173.0,,[],t3_irh3kk,r/delta8,0,0,,,[],,4,True
2,<praw.models.comment_forest.CommentForest object at 0x000001BBD51211C0>,irh3kk,<praw.reddit.Reddit object at 0x000001BBD5045D60>,Break open the cart and just eat a small bit of the oil if its really urgent.,t5_2kpdau,,False,,[],,,text,0,delta8,,,[],False,g4yzsqw,,,0,True,,True,Bvpn,False,1599941586.0,True,t3_irh3kk,2,t2_7el3njsh,,,[],False,,False,,,t1_g4yzsqw,False,0,[],False,"<div class=""md""><p>Break open the cart and just eat a small bit of the oil if its really urgent.</p>
</div>",,,,,False,False,True,{},,,False,/r/delta8/comments/irh3kk/really_weird_question_and_not_sure_anyone_will/g4yzsqw/,public,False,,1599941586.0,,[],t3_irh3kk,r/delta8,0,0,,,[],,2,True
3,<praw.models.comment_forest.CommentForest object at 0x000001BBD5121460>,irh3kk,<praw.reddit.Reddit object at 0x000001BBD5045D60>,"well man, as a nicotine addict, i’ve vaped my way all the way through bronchitis lol, as well as hit the pen, and i was fine. everyone is different though so i couldn’t guarantee you’re good but i’d say you’d probably be fine unless you’re like super fucking sick lol.",t5_2kpdau,,False,,[],,,text,0,delta8,,,[],False,g4zakp8,,,0,True,,True,Slawssson,False,1599944822.0,True,t3_irh3kk,2,t2_5acvucby,,,[],False,,False,,,t1_g4zakp8,False,0,[],False,"<div class=""md""><p>well man, as a nicotine addict, i’ve vaped my way all the way through bronchitis lol, as well as hit the pen, and i was fine. everyone is different though so i couldn’t guarantee you’re good but i’d say you’d probably be fine unless you’re like super fucking sick lol.</p>
</div>",,,,,False,False,True,{},,,False,/r/delta8/comments/irh3kk/really_weird_question_and_not_sure_anyone_will/g4zakp8/,public,False,,1599944822.0,,[],t3_irh3kk,r/delta8,0,0,,,[],,2,True
4,<praw.models.comment_forest.CommentForest object at 0x000001BBD5121490>,irh3kk,<praw.reddit.Reddit object at 0x000001BBD5045D60>,"It’s not going to be harmful, your just going to cough like hell. The shortness of breath is from anxiety and also your bronchitis. 

Small puffs on the lowest setting.",t5_2kpdau,,False,,[],,,text,0,delta8,,,[],False,g51pob4,,,0,True,,True,InsertEdgyUsername8,False,1599973446.0,True,t3_irh3kk,1,t2_4w3labhw,,,[],False,,False,,,t1_g51pob4,False,0,[],False,"<div class=""md""><p>It’s not going to be harmful, your just going to cough like hell. The shortness of breath is from anxiety and also your bronchitis. </p>

<p>Small puffs on the lowest setting.</p>
</div>",,,,,False,False,True,{},,,False,/r/delta8/comments/irh3kk/really_weird_question_and_not_sure_anyone_will/g51pob4/,public,False,,1599973446.0,,[],t3_irh3kk,r/delta8,0,0,,,[],,1,True
5,<praw.models.comment_forest.CommentForest object at 0x000001BBD51214F0>,irh3kk,<praw.reddit.Reddit object at 0x000001BBD5045D60>,"It won’t kill you, but you will recover faster if you don’t vape/smoke until you are better.",t5_2kpdau,,False,,[],,,text,0,delta8,,,[],False,g535tzx,,,0,True,,True,flatulous,False,1599994553.0,True,t3_irh3kk,1,t2_1ele6108,,,[],False,,False,,,t1_g535tzx,False,0,[],False,"<div class=""md""><p>It won’t kill you, but you will recover faster if you don’t vape/smoke until you are better.</p>
</div>",,,,,False,False,True,{},,,False,/r/delta8/comments/irh3kk/really_weird_question_and_not_sure_anyone_will/g535tzx/,public,False,,1599994553.0,,[],t3_irh3kk,r/delta8,0,0,,,[],,1,True
6,<praw.models.comment_forest.CommentForest object at 0x000001BBD51216D0>,irh3kk,<praw.reddit.Reddit object at 0x000001BBD5045D60>,Please eat it; bypass your lungs for a little bit,t5_2kpdau,,False,,[],,,text,0,delta8,,,[],False,g55v3s9,,,0,True,,True,Master-o-none,False,1600031177.0,True,t3_irh3kk,1,t2_5jji6htb,,,[],False,,False,,,t1_g55v3s9,False,0,[],False,"<div class=""md""><p>Please eat it; bypass your lungs for a little bit</p>
</div>",,,,,False,False,True,{},,,False,/r/delta8/comments/irh3kk/really_weird_question_and_not_sure_anyone_will/g55v3s9/,public,False,,1600031177.0,,[],t3_irh3kk,r/delta8,0,0,,,[],,1,True
