Unnamed: 0,_replies,_submission,_reddit,author_flair_text,body,subreddit_id,approved_at_utc,author_is_blocked,comment_type,awarders,mod_reason_by,banned_by,author_flair_type,total_awards_received,subreddit,author_flair_template_id,likes,user_reports,saved,id,banned_at_utc,mod_reason_title,gilded,archived,collapsed_reason_code,no_follow,author,can_mod_post,created_utc,send_replies,parent_id,score,author_fullname,approved_by,mod_note,all_awardings,collapsed,author_cakeday,edited,top_awarded_type,author_flair_css_class,name,is_submitter,downs,author_flair_richtext,author_patreon_flair,body_html,removal_reason,collapsed_reason,distinguished,associated_award,stickied,author_premium,can_gild,gildings,unrepliable_reason,author_flair_text_color,score_hidden,permalink,subreddit_type,locked,report_reasons,created,treatment_tags,link_id,subreddit_name_prefixed,controversiality,depth,author_flair_background_color,collapsed_because_crowd_control,mod_reports,num_reports,ups,_fetched
0,<praw.models.comment_forest.CommentForest object at 0x7fe0a3568040>,jgn98j,<praw.reddit.Reddit object at 0x7fe0a30a7760>,,They full panel tested the 91 so no solvents.,t5_2kpdau,,False,,[],,,text,0,delta8,,,[],False,g9r9yjz,,,0,True,,False,MidwestSkateDad,False,1603460421.0,True,t3_jgn98j,15,t2_5kv1jgs8,,,[],False,True,False,,,t1_g9r9yjz,False,0,[],False,"<div class=""md""><p>They full panel tested the 91 so no solvents.</p>
</div>",,,,,False,False,True,{},,,False,/r/delta8/comments/jgn98j/cannaclear_you_claimed_this_new_91_tested_for/g9r9yjz/,public,False,,1603460421.0,[],t3_jgn98j,r/delta8,0,0,,,[],,15,True
1,<praw.models.comment_forest.CommentForest object at 0x7fe0a35685e0>,jgn98j,<praw.reddit.Reddit object at 0x7fe0a30a7760>,,"This is a BIG reach. It has a “smell” so you suspect residuals? What training with solvents do you have that make you qualified to make this claim with no “proof”?

Btw, I’ve never used cannaclear, no idea if they are good or bad, don’t really care either. So I’m not “taking their side”. Everything is just a witch hunt lately. So annoying.",t5_2kpdau,,False,,[],,,text,0,delta8,,,[],False,g9rc2i6,,,0,True,,False,hashtag-acid,False,1603461601.0,True,t3_jgn98j,13,t2_404i2osa,,,[],False,,False,,,t1_g9rc2i6,False,0,[],False,"<div class=""md""><p>This is a BIG reach. It has a “smell” so you suspect residuals? What training with solvents do you have that make you qualified to make this claim with no “proof”?</p>

<p>Btw, I’ve never used cannaclear, no idea if they are good or bad, don’t really care either. So I’m not “taking their side”. Everything is just a witch hunt lately. So annoying.</p>
</div>",,,,,False,False,True,{},,,False,/r/delta8/comments/jgn98j/cannaclear_you_claimed_this_new_91_tested_for/g9rc2i6/,public,False,,1603461601.0,[],t3_jgn98j,r/delta8,0,0,,,[],,13,True
2,<praw.models.comment_forest.CommentForest object at 0x7fe0a1f689a0>,jgn98j,<praw.reddit.Reddit object at 0x7fe0a30a7760>,,They've already cleared that up search the sub,t5_2kpdau,,False,,[],,,text,0,delta8,,,[],False,g9r9tak,,,0,True,,False,IsntThisAGreatName,False,1603460335.0,True,t3_jgn98j,4,t2_79lvw62h,,,[],False,,False,,,t1_g9r9tak,False,0,[],False,"<div class=""md""><p>They&#39;ve already cleared that up search the sub</p>
</div>",,,,,False,False,True,{},,,False,/r/delta8/comments/jgn98j/cannaclear_you_claimed_this_new_91_tested_for/g9r9tak/,public,False,,1603460335.0,[],t3_jgn98j,r/delta8,0,0,,,[],,4,True
3,<praw.models.comment_forest.CommentForest object at 0x7fe0a1f68310>,jgn98j,<praw.reddit.Reddit object at 0x7fe0a30a7760>,MOD,Lab tests for current batch with Residual Solvent Testing : [https://tx.pharmlabs.com/COA/81-premium-distillate](https://tx.pharmlabs.com/COA/81-premium-distillate),t5_2kpdau,,False,,[],,,text,0,delta8,69a21c28-8c73-11ea-92f1-0e1b360e58c3,,[],False,g9rj3j9,,,0,True,,True,Avocado_Capital,False,1603465382.0,True,t3_jgn98j,3,t2_74ldde59,,,[],False,,False,,,t1_g9rj3j9,False,0,[],False,"<div class=""md""><p>Lab tests for current batch with Residual Solvent Testing : <a href=""https://tx.pharmlabs.com/COA/81-premium-distillate"">https://tx.pharmlabs.com/COA/81-premium-distillate</a></p>
</div>",,,,,False,False,True,{},,dark,False,/r/delta8/comments/jgn98j/cannaclear_you_claimed_this_new_91_tested_for/g9rj3j9/,public,False,,1603465382.0,[],t3_jgn98j,r/delta8,0,0,#dadada,,[],,3,True
4,<praw.models.comment_forest.CommentForest object at 0x7fe0a3c40c70>,jgn98j,<praw.reddit.Reddit object at 0x7fe0a30a7760>,,Dont smoke it then bitch boy,t5_2kpdau,,False,,[],,,text,0,delta8,,,[],False,g9rab7n,,,0,True,,False,Ozarks22,False,1603460617.0,True,t3_jgn98j,6,t2_7jjqsiue,,,[],False,,False,,,t1_g9rab7n,False,0,[],False,"<div class=""md""><p>Dont smoke it then bitch boy</p>
</div>",,,,,False,False,True,{},,,False,/r/delta8/comments/jgn98j/cannaclear_you_claimed_this_new_91_tested_for/g9rab7n/,public,False,,1603460617.0,[],t3_jgn98j,r/delta8,1,0,,,[],,6,True
5,<praw.models.comment_forest.CommentForest object at 0x7fe0a3c407f0>,jgn98j,<praw.reddit.Reddit object at 0x7fe0a30a7760>,,I’ll be waiting for the solvent testing. Along with plenty others. I have never had a problem or complained until I ordered 50gs and it came with a strong smell.,t5_2kpdau,,False,,[],,,text,0,delta8,,,[],False,g9r9uco,,,0,True,,True,existandheal,False,1603460353.0,True,t3_jgn98j,4,t2_7k1e7spt,,,[],False,,False,,,t1_g9r9uco,True,0,[],False,"<div class=""md""><p>I’ll be waiting for the solvent testing. Along with plenty others. I have never had a problem or complained until I ordered 50gs and it came with a strong smell.</p>
</div>",,,,,False,False,True,{},,,False,/r/delta8/comments/jgn98j/cannaclear_you_claimed_this_new_91_tested_for/g9r9uco/,public,False,,1603460353.0,[],t3_jgn98j,r/delta8,1,0,,,[],,4,True
