Unnamed: 0,id,parent_id,author,author_flair_text,body,score,created_utc,is_submitter,permalink,_replies,_submission,_reddit,total_awards_received,approved_at_utc,author_is_blocked,comment_type,awarders,mod_reason_by,banned_by,ups,removal_reason,link_id,author_flair_template_id,likes,user_reports,saved,banned_at_utc,mod_reason_title,gilded,archived,collapsed_reason_code,no_follow,can_mod_post,send_replies,approved_by,report_reasons,all_awardings,subreddit_id,edited,downs,author_flair_css_class,collapsed,body_html,gildings,collapsed_reason,associated_award,stickied,subreddit_type,can_gild,top_awarded_type,unrepliable_reason,author_flair_text_color,score_hidden,num_reports,locked,name,created,subreddit,treatment_tags,subreddit_name_prefixed,controversiality,depth,author_flair_background_color,collapsed_because_crowd_control,mod_reports,mod_note,distinguished,_fetched,author_flair_type,author_fullname,author_flair_richtext,author_patreon_flair,author_premium
0,hi8v1en,t3_qgwxe6,,,[deleted],8,1635342064.0,False,/r/Drugs/comments/qgwxe6/how_baked_can_delta_8_get_me/hi8v1en/,<praw.models.comment_forest.CommentForest object at 0x7fe89a164f70>,qgwxe6,<praw.reddit.Reddit object at 0x7fe89b25e040>,0,,False,,[],,,8,,t3_qgwxe6,,,[],False,,,0,False,DELETED,False,False,True,,,[],t5_2qh7l,False,0,,True,"<div class=""md""><p>[deleted]</p>
</div>",{},,,False,public,True,,,dark,False,,False,t1_hi8v1en,1635342064.0,Drugs,[],r/Drugs,0,0,,,[],,,True,,,,,
1,hi8wues,t3_qgwxe6,,,It'll take a bit more to get you there but it can absolutely get you stoned. I have plenty of access to normal weed / thc products and I still buy d8 because the effects are so nice,6,1635342889.0,False,/r/Drugs/comments/qgwxe6/how_baked_can_delta_8_get_me/hi8wues/,<praw.models.comment_forest.CommentForest object at 0x7fe89a164fd0>,qgwxe6,<praw.reddit.Reddit object at 0x7fe89b25e040>,0,,False,,[],,,6,,t3_qgwxe6,,,[],False,,,0,False,,False,False,True,,,[],t5_2qh7l,False,0,,False,"<div class=""md""><p>It&#39;ll take a bit more to get you there but it can absolutely get you stoned. I have plenty of access to normal weed / thc products and I still buy d8 because the effects are so nice</p>
</div>",{},,,False,public,False,,,dark,False,,False,t1_hi8wues,1635342889.0,Drugs,[],r/Drugs,0,0,,,[],,,True,,,,,
2,hi8wzsn,t3_qgwxe6,skrillyvanilli,,"If you smoke enough of it you’ll be fried for sure, but it’s gonna take more than you think.",3,1635342957.0,False,/r/Drugs/comments/qgwxe6/how_baked_can_delta_8_get_me/hi8wzsn/,<praw.models.comment_forest.CommentForest object at 0x7fe89a16b0d0>,qgwxe6,<praw.reddit.Reddit object at 0x7fe89b25e040>,0,,False,,[],,,3,,t3_qgwxe6,,,[],False,,,0,False,,True,False,True,,,[],t5_2qh7l,False,0,,False,"<div class=""md""><p>If you smoke enough of it you’ll be fried for sure, but it’s gonna take more than you think.</p>
</div>",{},,,False,public,True,,,,False,,False,t1_hi8wzsn,1635342957.0,Drugs,[],r/Drugs,0,0,,,[],,,True,text,t2_2oej7gaz,[],False,False
3,hi9iemw,t3_qgwxe6,Drugabuser8,,"Everyone is different but personally I’m vaping a delta cart I got from a smoke shop and I’m insanely high, probably because I hadn’t smoked for a few days prior but it’s more in my body, mind you I’m not saying I don’t have a crazy mind high going bc I definitely do. Again everyone is different",3,1635351819.0,False,/r/Drugs/comments/qgwxe6/how_baked_can_delta_8_get_me/hi9iemw/,<praw.models.comment_forest.CommentForest object at 0x7fe89a16b190>,qgwxe6,<praw.reddit.Reddit object at 0x7fe89b25e040>,0,,False,,[],,,3,,t3_qgwxe6,,,[],False,,,0,False,,True,False,True,,,[],t5_2qh7l,False,0,,False,"<div class=""md""><p>Everyone is different but personally I’m vaping a delta cart I got from a smoke shop and I’m insanely high, probably because I hadn’t smoked for a few days prior but it’s more in my body, mind you I’m not saying I don’t have a crazy mind high going bc I definitely do. Again everyone is different</p>
</div>",{},,,False,public,True,,,,False,,False,t1_hi9iemw,1635351819.0,Drugs,[],r/Drugs,0,0,,,[],,,True,text,t2_8souaowj,[],False,False
4,hiaz7i9,t3_qgwxe6,DrunkenColonialist,,Obviously Delta-8 is not what you take when you're trying to get as high as possible. It's less intense than normal Delta-9 so..,1,1635372435.0,False,/r/Drugs/comments/qgwxe6/how_baked_can_delta_8_get_me/hiaz7i9/,<praw.models.comment_forest.CommentForest object at 0x7fe89a16b1f0>,qgwxe6,<praw.reddit.Reddit object at 0x7fe89b25e040>,0,,False,,[],,,1,,t3_qgwxe6,,,[],False,,,0,False,,True,False,True,,,[],t5_2qh7l,False,0,,False,"<div class=""md""><p>Obviously Delta-8 is not what you take when you&#39;re trying to get as high as possible. It&#39;s less intense than normal Delta-9 so..</p>
</div>",{},,,False,public,True,,,,False,,False,t1_hiaz7i9,1635372435.0,Drugs,[],r/Drugs,0,0,,,[],,,True,text,t2_aefopv2g,[],False,False
