Unnamed: 0,id,parent_id,author,author_flair_text,body,score,created_utc,is_submitter,permalink,_replies,_submission,_reddit,subreddit_id,approved_at_utc,author_is_blocked,comment_type,awarders,mod_reason_by,banned_by,author_flair_type,total_awards_received,subreddit,author_flair_template_id,likes,user_reports,saved,banned_at_utc,mod_reason_title,gilded,archived,collapsed_reason_code,no_follow,can_mod_post,send_replies,author_fullname,approved_by,mod_note,all_awardings,collapsed,edited,top_awarded_type,author_flair_css_class,name,downs,author_flair_richtext,author_patreon_flair,body_html,removal_reason,collapsed_reason,distinguished,associated_award,stickied,author_premium,can_gild,gildings,unrepliable_reason,author_flair_text_color,score_hidden,subreddit_type,locked,report_reasons,created,treatment_tags,link_id,subreddit_name_prefixed,controversiality,depth,author_flair_background_color,collapsed_because_crowd_control,mod_reports,num_reports,ups,_fetched
0,hnsnkz6,t3_rc5te1,iwantdopamine,,Sounds like a nice combo. Enjoy man,7,1639013096.0,False,/r/Drugs/comments/rc5te1/delta_8_alcohol_is_the_shit/hnsnkz6/,<praw.models.comment_forest.CommentForest object at 0x7fe89cef4610>,rc5te1,<praw.reddit.Reddit object at 0x7fe89b25e040>,t5_2qh7l,,False,,[],,,text,0,Drugs,,,[],False,,,0,False,,False,False,True,t2_h5lyvsfd,,,[],False,False,,,t1_hnsnkz6,0,[],False,"<div class=""md""><p>Sounds like a nice combo. Enjoy man</p>
</div>",,,,,False,False,True,{},,,False,public,False,,1639013096.0,[],t3_rc5te1,r/Drugs,0,0,,,[],,7,True
1,hnsozkg,t3_rc5te1,nnarlinn,,if thc and alc is anything like delta 8 and alc then i think it’s probably just the amount of alc. who really knows though. i sure dont as ive never tried delta 8 and alc but keep me posted if it gets any better. might have to try it for myself.,5,1639013716.0,False,/r/Drugs/comments/rc5te1/delta_8_alcohol_is_the_shit/hnsozkg/,<praw.models.comment_forest.CommentForest object at 0x7fe89cef4eb0>,rc5te1,<praw.reddit.Reddit object at 0x7fe89b25e040>,t5_2qh7l,,False,,[],,,text,0,Drugs,,,[],False,,,0,False,,False,False,True,t2_cx7doepr,,,[],False,False,,,t1_hnsozkg,0,[],False,"<div class=""md""><p>if thc and alc is anything like delta 8 and alc then i think it’s probably just the amount of alc. who really knows though. i sure dont as ive never tried delta 8 and alc but keep me posted if it gets any better. might have to try it for myself.</p>
</div>",,,,,False,False,True,{},,,False,public,False,,1639013716.0,[],t3_rc5te1,r/Drugs,0,0,,,[],,5,True
2,hnsuft2,t3_rc5te1,420jared,,This is what i feel like since i started doing drugs nd shit. i dont understand but i feel like a video game character im controlling- im sober too rn,2,1639016112.0,False,/r/Drugs/comments/rc5te1/delta_8_alcohol_is_the_shit/hnsuft2/,<praw.models.comment_forest.CommentForest object at 0x7fe89cef4ee0>,rc5te1,<praw.reddit.Reddit object at 0x7fe89b25e040>,t5_2qh7l,,False,,[],,,text,0,Drugs,,,[],False,,,0,False,,True,False,True,t2_gvmrba0d,,,[],False,False,,,t1_hnsuft2,0,[],False,"<div class=""md""><p>This is what i feel like since i started doing drugs nd shit. i dont understand but i feel like a video game character im controlling- im sober too rn</p>
</div>",,,,,False,False,True,{},,,False,public,False,,1639016112.0,[],t3_rc5te1,r/Drugs,0,0,,,[],,2,True
3,hnu02s5,t3_rc5te1,grizzmane,,"Yeah I smoked some d8 the other night and I told my friend I was stuck and he thought I meant like just really fucked up but I literally couldn’t walk lol. He pushed me over thinking I was kidding and I fell, straight jelly legs. Definitely is a stronger body high than d9 and alcohol for me",1,1639041231.0,False,/r/Drugs/comments/rc5te1/delta_8_alcohol_is_the_shit/hnu02s5/,<praw.models.comment_forest.CommentForest object at 0x7fe89cef4820>,rc5te1,<praw.reddit.Reddit object at 0x7fe89b25e040>,t5_2qh7l,,False,,[],,,text,0,Drugs,,,[],False,,,0,False,,True,False,True,t2_1bxuhvwf,,,[],False,False,,,t1_hnu02s5,0,[],False,"<div class=""md""><p>Yeah I smoked some d8 the other night and I told my friend I was stuck and he thought I meant like just really fucked up but I literally couldn’t walk lol. He pushed me over thinking I was kidding and I fell, straight jelly legs. Definitely is a stronger body high than d9 and alcohol for me</p>
</div>",,,,,False,False,True,{},,,False,public,False,,1639041231.0,[],t3_rc5te1,r/Drugs,0,0,,,[],,1,True
4,hnvaive,t3_rc5te1,Tecwithatec,,Delta 8 bud? Gummies? Cartridge? I’m going to try this out,1,1639067731.0,False,/r/Drugs/comments/rc5te1/delta_8_alcohol_is_the_shit/hnvaive/,<praw.models.comment_forest.CommentForest object at 0x7fe89cef4910>,rc5te1,<praw.reddit.Reddit object at 0x7fe89b25e040>,t5_2qh7l,,False,,[],,,text,0,Drugs,,,[],False,,,0,False,,True,False,True,t2_g6uj5pcp,,,[],False,False,,,t1_hnvaive,0,[],False,"<div class=""md""><p>Delta 8 bud? Gummies? Cartridge? I’m going to try this out</p>
</div>",,,,,False,False,True,{},,,False,public,False,,1639067731.0,[],t3_rc5te1,r/Drugs,0,0,,,[],,1,True
