Unnamed: 0,_replies,_submission,_reddit,author_flair_text,total_awards_received,approved_at_utc,author_is_blocked,comment_type,awarders,mod_reason_by,banned_by,ups,removal_reason,link_id,author_flair_template_id,likes,user_reports,saved,id,banned_at_utc,mod_reason_title,gilded,archived,collapsed_reason_code,no_follow,author,can_mod_post,send_replies,parent_id,score,approved_by,report_reasons,all_awardings,subreddit_id,body,edited,downs,author_flair_css_class,collapsed,is_submitter,body_html,gildings,collapsed_reason,associated_award,stickied,subreddit_type,can_gild,top_awarded_type,unrepliable_reason,author_flair_text_color,score_hidden,permalink,num_reports,locked,name,created,subreddit,treatment_tags,created_utc,subreddit_name_prefixed,controversiality,depth,author_flair_background_color,collapsed_because_crowd_control,mod_reports,mod_note,distinguished,_fetched,author_flair_type,author_fullname,author_flair_richtext,author_patreon_flair,author_premium
0,<praw.models.comment_forest.CommentForest object at 0x000001BBD5034B80>,iaya8w,<praw.reddit.Reddit object at 0x000001BBD4C11E20>,,0,,False,,[],,,8,,t3_iaya8w,,,[],False,g1rg0t6,,,0,True,,False,,False,True,t3_iaya8w,8,,,[],t5_2kpdau,"Maybe some high level CBD flower is right for you, then. Find a place that has good flower and maybe get a jar of CBD kief to sprinkle on top. No “high,” per se, but definite relaxation and pain relief for sure.",False,0,,False,False,"<div class=""md""><p>Maybe some high level CBD flower is right for you, then. Find a place that has good flower and maybe get a jar of CBD kief to sprinkle on top. No “high,” per se, but definite relaxation and pain relief for sure.</p>
</div>",{},,,False,public,False,,,dark,False,/r/delta8/comments/iaya8w/weirdly_too_intense_for_me/g1rg0t6/,,False,t1_g1rg0t6,1597605051.0,delta8,[],1597605051.0,r/delta8,0,0,,,[],,,True,,,,,
1,<praw.models.comment_forest.CommentForest object at 0x000001BBD5034BE0>,iaya8w,<praw.reddit.Reddit object at 0x000001BBD4C11E20>,,0,,False,,[],,,9,,t3_iaya8w,,,[],False,g1rh0nw,,,0,True,,False,heavyhands88,False,True,t3_iaya8w,9,,,[],t5_2kpdau,"Try lighter smaller pulls, and CBD flower or isolate nearby in the event of panic, please let us know if you have questions",False,0,,False,False,"<div class=""md""><p>Try lighter smaller pulls, and CBD flower or isolate nearby in the event of panic, please let us know if you have questions</p>
</div>",{},,,False,public,True,,,,False,/r/delta8/comments/iaya8w/weirdly_too_intense_for_me/g1rh0nw/,,False,t1_g1rh0nw,1597605560.0,delta8,[],1597605560.0,r/delta8,0,0,,,[],,,True,text,t2_5u91lpv0,[],False,False
2,<praw.models.comment_forest.CommentForest object at 0x000001BBD5034C40>,iaya8w,<praw.reddit.Reddit object at 0x000001BBD4C11E20>,,0,,False,,[],,,2,,t3_iaya8w,,,[],False,g1rgwff,,,0,True,,True,,False,True,t3_iaya8w,2,,,[],t5_2kpdau,"Maybe a cbd, cbg and d8 mixed cart would be better for you",False,0,,False,False,"<div class=""md""><p>Maybe a cbd, cbg and d8 mixed cart would be better for you</p>
</div>",{},,,False,public,False,,,dark,False,/r/delta8/comments/iaya8w/weirdly_too_intense_for_me/g1rgwff/,,False,t1_g1rgwff,1597605500.0,delta8,[],1597605500.0,r/delta8,0,0,,,[],,,True,,,,,
3,<praw.models.comment_forest.CommentForest object at 0x000001BBD5034CA0>,iaya8w,<praw.reddit.Reddit object at 0x000001BBD4C11E20>,,0,,False,,[],,,2,,t3_iaya8w,,,[],False,g1sbny2,,,0,True,,True,Resident-Platypus302,False,True,t3_iaya8w,2,,,[],t5_2kpdau,U really need to try mycbdhaven CBD/CBG/D8! It’s the perfect mix of Hemp Hops CBG sauce it has like 14%D8 and CBG and D10 and 11 it’s also really good and relaxing without the intense anxiety feeling or high!,False,0,,False,False,"<div class=""md""><p>U really need to try mycbdhaven CBD/CBG/D8! It’s the perfect mix of Hemp Hops CBG sauce it has like 14%D8 and CBG and D10 and 11 it’s also really good and relaxing without the intense anxiety feeling or high!</p>
</div>",{},,,False,public,True,,,,False,/r/delta8/comments/iaya8w/weirdly_too_intense_for_me/g1sbny2/,,False,t1_g1sbny2,1597622224.0,delta8,[],1597622224.0,r/delta8,0,0,,,[],,,True,text,t2_6bnmti0g,[],False,False
4,<praw.models.comment_forest.CommentForest object at 0x000001BBD5034D00>,iaya8w,<praw.reddit.Reddit object at 0x000001BBD4C11E20>,,0,,False,,[],,,1,,t3_iaya8w,,,[],False,g1rkhqv,,,0,True,,True,Coc8n,False,True,t3_iaya8w,1,,,[],t5_2kpdau,Have you tried any 1:1 d9 carts? I find those to be a lot  milder than d8 and d9 by itself,False,0,,False,False,"<div class=""md""><p>Have you tried any 1:1 d9 carts? I find those to be a lot  milder than d8 and d9 by itself</p>
</div>",{},,,False,public,True,,,,False,/r/delta8/comments/iaya8w/weirdly_too_intense_for_me/g1rkhqv/,,False,t1_g1rkhqv,1597607349.0,delta8,[],1597607349.0,r/delta8,0,0,,,[],,,True,text,t2_45qfp1ug,[],False,False
5,<praw.models.comment_forest.CommentForest object at 0x000001BBD5034DC0>,iaya8w,<praw.reddit.Reddit object at 0x000001BBD4C11E20>,,0,,False,,[],,,1,,t3_iaya8w,,,[],False,g1s4q4u,,,0,True,,True,Jdafty,False,True,t3_iaya8w,1,,,[],t5_2kpdau,Same thing happened to me can’t rlly smoke at all anymore,False,0,,False,False,"<div class=""md""><p>Same thing happened to me can’t rlly smoke at all anymore</p>
</div>",{},,,False,public,True,,,,False,/r/delta8/comments/iaya8w/weirdly_too_intense_for_me/g1s4q4u/,,False,t1_g1s4q4u,1597618146.0,delta8,[],1597618146.0,r/delta8,0,0,,,[],,,True,text,t2_5w31ujh0,[],False,False
6,<praw.models.comment_forest.CommentForest object at 0x000001BBD5034E20>,iaya8w,<praw.reddit.Reddit object at 0x000001BBD4C11E20>,,0,,False,,[],,,1,,t3_iaya8w,,,[],False,g20jigr,,,0,True,,True,rSpinxr,False,True,t3_iaya8w,1,,,[],t5_2kpdau,"Snapdragons carts have CBD in them, that might help. Or be sure to vape CBD, then take 1 hit if D8, then keep vaping CBD.",False,0,,False,False,"<div class=""md""><p>Snapdragons carts have CBD in them, that might help. Or be sure to vape CBD, then take 1 hit if D8, then keep vaping CBD.</p>
</div>",{},,,False,public,True,,,,False,/r/delta8/comments/iaya8w/weirdly_too_intense_for_me/g20jigr/,,False,t1_g20jigr,1597775190.0,delta8,[],1597775190.0,r/delta8,0,0,,,[],,,True,text,t2_nmo2x,[],False,False
7,<praw.models.comment_forest.CommentForest object at 0x000001BBD5034E80>,iaya8w,<praw.reddit.Reddit object at 0x000001BBD4C11E20>,,0,,False,,[],,,1,,t3_iaya8w,,,[],False,g1s71zh,,,0,True,,True,bradpliers,False,True,t3_iaya8w,1,,,[],t5_2kpdau,I used to get anxiety every time I smoked. I still enjoyed it but I never truely understood when people talk about how relaxed weed made them.  Once I switched to vaping flower most of that anxiety went away. I'm convinced the harmful properties of combustion were largely responsible for the high anxiety I'd get after smoking. And when I do feel a bit high strung after vaping THC l vape a bowl of CBD flower (r/hempflower) . Ussually fixes me right up.,False,0,,False,False,"<div class=""md""><p>I used to get anxiety every time I smoked. I still enjoyed it but I never truely understood when people talk about how relaxed weed made them.  Once I switched to vaping flower most of that anxiety went away. I&#39;m convinced the harmful properties of combustion were largely responsible for the high anxiety I&#39;d get after smoking. And when I do feel a bit high strung after vaping THC l vape a bowl of CBD flower (<a href=""/r/hempflower"">r/hempflower</a>) . Ussually fixes me right up.</p>
</div>",{},,,False,public,True,,,,False,/r/delta8/comments/iaya8w/weirdly_too_intense_for_me/g1s71zh/,,False,t1_g1s71zh,1597619485.0,delta8,[],1597619485.0,r/delta8,0,0,,,[],,,True,text,t2_hcaudts,[],False,False
