,_replies,_submission,_reddit,total_awards_received,approved_at_utc,author_is_blocked,comment_type,awarders,mod_reason_by,banned_by,ups,removal_reason,link_id,author_flair_template_id,likes,user_reports,saved,id,banned_at_utc,mod_reason_title,gilded,archived,collapsed_reason_code,no_follow,author,can_mod_post,send_replies,parent_id,score,approved_by,report_reasons,all_awardings,subreddit_id,body,edited,downs,author_flair_css_class,collapsed,is_submitter,body_html,gildings,collapsed_reason,associated_award,stickied,subreddit_type,can_gild,top_awarded_type,unrepliable_reason,author_flair_text_color,score_hidden,permalink,num_reports,locked,name,created,subreddit,author_flair_text,treatment_tags,created_utc,subreddit_name_prefixed,controversiality,depth,author_flair_background_color,collapsed_because_crowd_control,mod_reports,mod_note,distinguished,_fetched,author_flair_type,author_fullname,author_flair_richtext,author_patreon_flair,author_premium
0,<praw.models.comment_forest.CommentForest object at 0x7fe0a36800a0>,jmdarv,<praw.reddit.Reddit object at 0x7fe0a30a7760>,1,,False,,[],,,9,,t3_jmdarv,,,[],False,gaujl89,,,0,True,,False,,False,True,t3_jmdarv,9,,,"[{'giver_coin_reward': 0, 'subreddit_id': None, 'is_new': False, 'days_of_drip_extension': 0, 'coin_price': 50, 'id': 'award_02d9ab2c-162e-4c01-8438-317a016ed3d9', 'penny_donate': 0, 'coin_reward': 0, 'icon_url': 'https://i.redd.it/award_images/t5_q0gj4/p4yzxkaed5f61_oldtakemyenergy.png', 'days_of_premium': 0, 'icon_height': 2048, 'tiers_by_required_awardings': None, 'resized_icons': [{'url': 'https://preview.redd.it/award_images/t5_q0gj4/p4yzxkaed5f61_oldtakemyenergy.png?width=16&height=16&auto=webp&s=10034f3fdf8214c8377134bb60c5b832d4bbf588', 'width': 16, 'height': 16}, {'url': 'https://preview.redd.it/award_images/t5_q0gj4/p4yzxkaed5f61_oldtakemyenergy.png?width=32&height=32&auto=webp&s=100f785bf261fa9452a5d82ee0ef0793369dbfa5', 'width': 32, 'height': 32}, {'url': 'https://preview.redd.it/award_images/t5_q0gj4/p4yzxkaed5f61_oldtakemyenergy.png?width=48&height=48&auto=webp&s=b15d030fdfbbe4af4a5b34ab9dc90a174df40a23', 'width': 48, 'height': 48}, {'url': 'https://preview.redd.it/award_images/t5_q0gj4/p4yzxkaed5f61_oldtakemyenergy.png?width=64&height=64&auto=webp&s=601c75be6ee30dc4b47a5c65d64dea9a185502a1', 'width': 64, 'height': 64}, {'url': 'https://preview.redd.it/award_images/t5_q0gj4/p4yzxkaed5f61_oldtakemyenergy.png?width=128&height=128&auto=webp&s=540f36e65c0e2f1347fe32020e4a1565e3680437', 'width': 128, 'height': 128}], 'icon_width': 2048, 'static_icon_width': 2048, 'start_date': None, 'is_enabled': True, 'awardings_required_to_grant_benefits': None, 'description': ""I'm in this with you."", 'end_date': None, 'subreddit_coin_reward': 0, 'count': 1, 'static_icon_height': 2048, 'name': 'Take My Energy', 'resized_static_icons': [{'url': 'https://preview.redd.it/award_images/t5_q0gj4/jtw7x06j68361_TakeMyEnergyElf.png?width=16&height=16&auto=webp&s=045db73f47a9513c44823d132b4c393ab9241b6a', 'width': 16, 'height': 16}, {'url': 'https://preview.redd.it/award_images/t5_q0gj4/jtw7x06j68361_TakeMyEnergyElf.png?width=32&height=32&auto=webp&s=298a02e0edbb5b5e293087eeede63802cbe1d2c7', 'width': 32, 'height': 32}, {'url': 'https://preview.redd.it/award_images/t5_q0gj4/jtw7x06j68361_TakeMyEnergyElf.png?width=48&height=48&auto=webp&s=7d06d606eb23dbcd6dbe39ee0e60588c5eb89065', 'width': 48, 'height': 48}, {'url': 'https://preview.redd.it/award_images/t5_q0gj4/jtw7x06j68361_TakeMyEnergyElf.png?width=64&height=64&auto=webp&s=ecd9854b14104a36a210028c43420f0dababd96b', 'width': 64, 'height': 64}, {'url': 'https://preview.redd.it/award_images/t5_q0gj4/jtw7x06j68361_TakeMyEnergyElf.png?width=128&height=128&auto=webp&s=0d5d7b92c1d66aff435f2ad32e6330ca2b971f6d', 'width': 128, 'height': 128}], 'icon_format': 'PNG', 'award_sub_type': 'GLOBAL', 'penny_price': 0, 'award_type': 'global', 'static_icon_url': 'https://i.redd.it/award_images/t5_q0gj4/jtw7x06j68361_TakeMyEnergyElf.png'}]",t5_2kpdau,"Everything about this screams sketchy. No website, CA sticker on a hemp product, you’re experiencing irritability, hell I’d even go off on a limb and call those labs fake. Why on earth did you buy this?",1604277228.0,0,,False,False,"<div class=""md""><p>Everything about this screams sketchy. No website, CA sticker on a hemp product, you’re experiencing irritability, hell I’d even go off on a limb and call those labs fake. Why on earth did you buy this?</p>
</div>",{},,,False,public,False,,,dark,False,/r/delta8/comments/jmdarv/resticky_green_with_photos_and_lab_report_link/gaujl89/,,False,t1_gaujl89,1604276812.0,delta8,,[],1604276812.0,r/delta8,0,0,,,[],,,True,,,,,
1,<praw.models.comment_forest.CommentForest object at 0x7fe0a3303a30>,jmdarv,<praw.reddit.Reddit object at 0x7fe0a30a7760>,0,,False,,[],,,7,,t3_jmdarv,,,[],False,gaunl2o,,,0,True,,False,,False,True,t3_jmdarv,7,,,[],t5_2kpdau,"Vendors are not bleaching products with liquid bleach. This was addressed in other posts. 

Read the faq.",False,0,,False,False,"<div class=""md""><p>Vendors are not bleaching products with liquid bleach. This was addressed in other posts. </p>

<p>Read the faq.</p>
</div>",{},,,False,public,False,,,dark,False,/r/delta8/comments/jmdarv/resticky_green_with_photos_and_lab_report_link/gaunl2o/,,False,t1_gaunl2o,1604279009.0,delta8,,[],1604279009.0,r/delta8,0,0,,,[],,,True,,,,,
2,<praw.models.comment_forest.CommentForest object at 0x7fe0a3839100>,jmdarv,<praw.reddit.Reddit object at 0x7fe0a30a7760>,0,,False,,[],,,3,,t3_jmdarv,,,[],False,gaupeai,,,0,True,,True,dappydapdapper,False,True,t3_jmdarv,3,,,[],t5_2kpdau,Don’t smoke this,False,0,,False,False,"<div class=""md""><p>Don’t smoke this</p>
</div>",{},,,False,public,True,,,,False,/r/delta8/comments/jmdarv/resticky_green_with_photos_and_lab_report_link/gaupeai/,,False,t1_gaupeai,1604280049.0,delta8,,[],1604280049.0,r/delta8,0,0,,,[],,,True,text,t2_5cw3kzmn,[],False,False
