,id,author,title,selftext,created,author_flair_text,link_flair_text,url,Unnamed: 0,comment_limit,comment_sort,_reddit,approved_at_utc,subreddit,author_fullname,saved,mod_reason_title,gilded,clicked,link_flair_richtext,subreddit_name_prefixed,hidden,pwls,link_flair_css_class,downs,top_awarded_type,hide_score,name,quarantine,link_flair_text_color,upvote_ratio,author_flair_background_color,subreddit_type,ups,total_awards_received,media_embed,author_flair_template_id,is_original_content,user_reports,secure_media,is_reddit_media_domain,is_meta,category,secure_media_embed,can_mod_post,score,approved_by,is_created_from_ads_ui,author_premium,thumbnail,edited,author_flair_css_class,author_flair_richtext,gildings,content_categories,is_self,mod_note,link_flair_type,wls,removed_by_category,banned_by,author_flair_type,domain,allow_live_comments,selftext_html,likes,suggested_sort,banned_at_utc,url_overridden_by_dest,view_count,archived,no_follow,is_crosspostable,pinned,over_18,all_awardings,awarders,media_only,can_gild,spoiler,locked,treatment_tags,visited,removed_by,num_reports,distinguished,subreddit_id,author_is_blocked,mod_reason_by,removal_reason,link_flair_background_color,is_robot_indexable,report_reasons,discussion_type,num_comments,send_replies,whitelist_status,contest_mode,mod_reports,author_patreon_flair,author_flair_text_color,permalink,parent_whitelist_status,stickied,subreddit_subscribers,created_utc,num_crossposts,media,is_video,_fetched,_comments_by_id
0,qcdwoc,thewolfman2010,"Delta-8 THC is illegal, Texas Department of State Health Services says",,1634772373.0,,,https://www.fox7austin.com/news/delta-8-thc-is-illegal-texas-department-of-state-health-services-says.amp,0,2048,confidence,<praw.reddit.Reddit object at 0x7fbefadafc40>,,news,t2_judy7,False,,0,False,[],r/news,False,6,,0,,False,t3_qcdwoc,False,dark,0.92,,public,1885,0,{},,False,[],,False,False,,{},False,1885,,False,False,,False,,[],{},,False,,text,6,,,text,fox7austin.com,True,,,,,https://www.fox7austin.com/news/delta-8-thc-is-illegal-texas-department-of-state-health-services-says.amp,,False,False,False,False,False,[],[],False,False,False,False,[],False,,,,t5_2qh3l,False,,,,True,,,673,False,all_ads,False,[],False,,/r/news/comments/qcdwoc/delta8_thc_is_illegal_texas_department_of_state/,all_ads,False,24181657,1634772373.0,1,,False,False,{}
1,pp8of8,twinklynnyoureye,"Delta-8 Cannabis Products Can Cause Scary Health Effects, the CDC and FDA Warn",,1631777570.0,,,https://www.self.com/story/delta-8-cannabis-products-cdc-fda/amp,1,2048,confidence,<praw.reddit.Reddit object at 0x7fbefadafc40>,,news,t2_8gdrccqd,False,,0,False,[],r/news,False,6,,0,,False,t3_pp8of8,False,dark,0.46,,public,0,1,{},,False,[],,False,False,,{},False,0,,False,False,,False,,[],{'gid_1': 1},,False,,text,6,,,text,self.com,True,,,,,https://www.self.com/story/delta-8-cannabis-products-cdc-fda/amp,,False,True,False,False,False,"[{'giver_coin_reward': None, 'subreddit_id': None, 'is_new': False, 'days_of_drip_extension': 0, 'coin_price': 100, 'id': 'gid_1', 'penny_donate': None, 'award_sub_type': 'GLOBAL', 'coin_reward': 0, 'icon_url': 'https://www.redditstatic.com/gold/awards/icon/silver_512.png', 'days_of_premium': 0, 'tiers_by_required_awardings': None, 'resized_icons': [{'url': 'https://www.redditstatic.com/gold/awards/icon/silver_16.png', 'width': 16, 'height': 16}, {'url': 'https://www.redditstatic.com/gold/awards/icon/silver_32.png', 'width': 32, 'height': 32}, {'url': 'https://www.redditstatic.com/gold/awards/icon/silver_48.png', 'width': 48, 'height': 48}, {'url': 'https://www.redditstatic.com/gold/awards/icon/silver_64.png', 'width': 64, 'height': 64}, {'url': 'https://www.redditstatic.com/gold/awards/icon/silver_128.png', 'width': 128, 'height': 128}], 'icon_width': 512, 'static_icon_width': 512, 'start_date': None, 'is_enabled': True, 'awardings_required_to_grant_benefits': None, 'description': ""Shows the Silver Award... and that's it."", 'end_date': None, 'subreddit_coin_reward': 0, 'count': 1, 'static_icon_height': 512, 'name': 'Silver', 'resized_static_icons': [{'url': 'https://www.redditstatic.com/gold/awards/icon/silver_16.png', 'width': 16, 'height': 16}, {'url': 'https://www.redditstatic.com/gold/awards/icon/silver_32.png', 'width': 32, 'height': 32}, {'url': 'https://www.redditstatic.com/gold/awards/icon/silver_48.png', 'width': 48, 'height': 48}, {'url': 'https://www.redditstatic.com/gold/awards/icon/silver_64.png', 'width': 64, 'height': 64}, {'url': 'https://www.redditstatic.com/gold/awards/icon/silver_128.png', 'width': 128, 'height': 128}], 'icon_format': None, 'icon_height': 512, 'penny_price': None, 'award_type': 'global', 'static_icon_url': 'https://www.redditstatic.com/gold/awards/icon/silver_512.png'}]",[],False,False,False,False,[],False,,,,t5_2qh3l,False,,,,True,,,49,True,all_ads,False,[],False,,/r/news/comments/pp8of8/delta8_cannabis_products_can_cause_scary_health/,all_ads,False,24181657,1631777570.0,0,,False,False,{}
2,mdory2,Confident-Victory-21,"Upstate police seize Delta 8 THC products from vape shop, owner argues theyâ€™re legal",,1616765709.0,,,https://www.wistv.com/2021/03/24/upstate-police-seize-thc-products-vape-shop-owner-argues-theyre-legal/,2,2048,confidence,<praw.reddit.Reddit object at 0x7fbefadafc40>,,news,t2_8kpbm0cp,False,,0,False,[],r/news,False,6,,0,,False,t3_mdory2,False,dark,0.87,,public,171,0,{},,False,[],,False,False,,{},False,171,,False,False,,False,,[],{},,False,,text,6,,,text,wistv.com,True,,,,,https://www.wistv.com/2021/03/24/upstate-police-seize-thc-products-vape-shop-owner-argues-theyre-legal/,,True,False,False,False,False,[],[],False,False,False,False,[],False,,,,t5_2qh3l,False,,,,True,,,127,True,all_ads,False,[],False,,/r/news/comments/mdory2/upstate_police_seize_delta_8_thc_products_from/,all_ads,False,24181657,1616765709.0,0,,False,False,{}
3,s31pyv,Lord-AG,"Delta loses $408 million; 8,000 employees contract Covid over the last four weeks",,1642086905.0,,,https://www.nbcnews.com/news/us-news/delta-loses-408-million-8000-employees-contract-covid-last-four-weeks-rcna12059,3,2048,confidence,<praw.reddit.Reddit object at 0x7fbefadafc40>,,news,t2_2h617rxv,False,,0,False,[],r/news,False,6,,0,,False,t3_s31pyv,False,dark,0.97,,public,8421,1,{},,False,[],,False,False,,{},False,8421,,False,True,,False,,[],{},,False,,text,6,,,text,nbcnews.com,True,,,,,https://www.nbcnews.com/news/us-news/delta-loses-408-million-8000-employees-contract-covid-last-four-weeks-rcna12059,,False,False,False,False,False,"[{'giver_coin_reward': None, 'subreddit_id': None, 'is_new': False, 'days_of_drip_extension': 0, 'coin_price': 125, 'id': 'award_5f123e3d-4f48-42f4-9c11-e98b566d5897', 'penny_donate': None, 'award_sub_type': 'GLOBAL', 'coin_reward': 0, 'icon_url': 'https://i.redd.it/award_images/t5_22cerq/5izbv4fn0md41_Wholesome.png', 'days_of_premium': 0, 'tiers_by_required_awardings': None, 'resized_icons': [{'url': 'https://preview.redd.it/award_images/t5_22cerq/5izbv4fn0md41_Wholesome.png?width=16&height=16&auto=webp&s=92932f465d58e4c16b12b6eac4ca07d27e3d11c0', 'width': 16, 'height': 16}, {'url': 'https://preview.redd.it/award_images/t5_22cerq/5izbv4fn0md41_Wholesome.png?width=32&height=32&auto=webp&s=d11484a208d68a318bf9d4fcf371171a1cb6a7ef', 'width': 32, 'height': 32}, {'url': 'https://preview.redd.it/award_images/t5_22cerq/5izbv4fn0md41_Wholesome.png?width=48&height=48&auto=webp&s=febdf28b6f39f7da7eb1365325b85e0bb49a9f63', 'width': 48, 'height': 48}, {'url': 'https://preview.redd.it/award_images/t5_22cerq/5izbv4fn0md41_Wholesome.png?width=64&height=64&auto=webp&s=b4406a2d88bf86fa3dc8a45aacf7e0c7bdccc4fb', 'width': 64, 'height': 64}, {'url': 'https://preview.redd.it/award_images/t5_22cerq/5izbv4fn0md41_Wholesome.png?width=128&height=128&auto=webp&s=19555b13e3e196b62eeb9160d1ac1d1b372dcb0b', 'width': 128, 'height': 128}], 'icon_width': 2048, 'static_icon_width': 2048, 'start_date': None, 'is_enabled': True, 'awardings_required_to_grant_benefits': None, 'description': 'When you come across a feel-good thing.', 'end_date': None, 'subreddit_coin_reward': 0, 'count': 1, 'static_icon_height': 2048, 'name': 'Wholesome', 'resized_static_icons': [{'url': 'https://preview.redd.it/award_images/t5_22cerq/5izbv4fn0md41_Wholesome.png?width=16&height=16&auto=webp&s=92932f465d58e4c16b12b6eac4ca07d27e3d11c0', 'width': 16, 'height': 16}, {'url': 'https://preview.redd.it/award_images/t5_22cerq/5izbv4fn0md41_Wholesome.png?width=32&height=32&auto=webp&s=d11484a208d68a318bf9d4fcf371171a1cb6a7ef', 'width': 32, 'height': 32}, {'url': 'https://preview.redd.it/award_images/t5_22cerq/5izbv4fn0md41_Wholesome.png?width=48&height=48&auto=webp&s=febdf28b6f39f7da7eb1365325b85e0bb49a9f63', 'width': 48, 'height': 48}, {'url': 'https://preview.redd.it/award_images/t5_22cerq/5izbv4fn0md41_Wholesome.png?width=64&height=64&auto=webp&s=b4406a2d88bf86fa3dc8a45aacf7e0c7bdccc4fb', 'width': 64, 'height': 64}, {'url': 'https://preview.redd.it/award_images/t5_22cerq/5izbv4fn0md41_Wholesome.png?width=128&height=128&auto=webp&s=19555b13e3e196b62eeb9160d1ac1d1b372dcb0b', 'width': 128, 'height': 128}], 'icon_format': None, 'icon_height': 2048, 'penny_price': None, 'award_type': 'global', 'static_icon_url': 'https://i.redd.it/award_images/t5_22cerq/5izbv4fn0md41_Wholesome.png'}]",[],False,False,False,False,[],False,,,,t5_2qh3l,False,,,,True,,,775,True,all_ads,False,[],False,,/r/news/comments/s31pyv/delta_loses_408_million_8000_employees_contract/,all_ads,False,24181657,1642086905.0,5,,False,False,{}
4,qkr9jn,amnesiac7,"A potentially faster-spreading Delta variant, AY.4.2, has been spotted in 8 states",,1635810689.0,,,https://www.cbsnews.com/news/coronavirus-delta-variant-ay-4-2-states/?ftag=CNM-00-10aac3a,4,2048,confidence,<praw.reddit.Reddit object at 0x7fbefadafc40>,,news,t2_7hi8y,False,,0,False,[],r/news,False,6,,0,,False,t3_qkr9jn,False,dark,0.9,,public,1513,0,{},,False,[],,False,False,,{},False,1513,,False,True,,False,,[],{},,False,,text,6,,,text,cbsnews.com,True,,,,,https://www.cbsnews.com/news/coronavirus-delta-variant-ay-4-2-states/?ftag=CNM-00-10aac3a,,False,False,False,False,False,[],[],False,False,False,False,[],False,,,,t5_2qh3l,False,,,,True,,,302,False,all_ads,False,[],False,,/r/news/comments/qkr9jn/a_potentially_fasterspreading_delta_variant_ay42/,all_ads,False,24181657,1635810689.0,2,,False,False,{}
5,1co7a4,cedargrove,Live Update Thread (Unofficial Part 3),"[Over text limit, continued in this thread](http://www.reddit.com/r/news/comments/1codv1/live_boston_update_thread_unofficial_4/)

**EDIT 115 10:00:**  They think they might know the vehicle that the suspect is operating.  Grey Honda CRV.  

**EDIT 113 9:54:**  Having discussions about some movements.  Nothing specific.

**EDIT 112 9:49:**  Special Ops and K9 units inbound for suspicious vehicle. 

**EDIT 111 9:48:**  [Updated photo of suspect](https://twitter.com/Boston_Police/status/325240385003732993/photo/1) released by Boston PD.  Another suspicious package found in a parking lot.

**EDIT 110 9:45:**  3 People in a car, possible contact with suspect.  Voice not very clear.  Sending resources to location.

**EDIT 109 9:42:** Radio or scanner silence.  Just silence.  EOD is being called in.

**EDIT 108 9:39:**  Someone in a building is waving at the cops to come in.  Now say he is no longer there.  White male, blue long sleeve shirt, second floor.

**EDIT 107 9:35:**  Suspicious package, four boxes tied together.  Only information known at the time.

**EDIT 106 9:34:**  Cleared a house, nothing of value.

**EDIT 105 9:30:**  Black hoodie subject was checked out and apparently cleared.  He was emailing pictures to his brother.

**EDIT 104 9:28:**  Removing all addresses.  Feed is back up.  They are about to clear some houses.

**EDIT 103 9:23:**  I'm reading that all police scanners are down.  If you find one working let me know.

**EDIT 102 9:22:** Feed cut out for me on Broadcastify.  Picked up another one.

**EDIT 101 9:14:**  Moving assets back to staging area to figure out redeployment.  Looks like ------- was an abandoned house.

**EDIT 100 9:13:**  Removed addresses.  Good call, shouldn't have put the house numbers.  Leaving street names for those who live in the area that need to not be in those areas.  If they are requesting no street names either tell me and I""ll remove them.

**EDIT 99 9:11:** /u/esopterodactyl has the twitter link for [Boston PD](https://twitter.com/Boston_Police/status/325230546928160768)

**EDIT 99 9:10:**  /u/foobster found ~~Suspect #2's twitter~~ REMOVED

**EDIT 98 9:09:**  Address is ------- & ------- for male in black hoodie on the back porch with a laptop.

**EDIT 97 9:08:**  They are getting a microphone ready to record something.

**EDIT 96 9:05:**  Individual on ------- street with a laptop.  They are checking it out.  Male with black hoodie and laptop, grey house.

**EDIT 95 9:04:**  Found suspect with black hoodie.  They saw him taking pictures, he ducked into a house once the area was secured.

**EDIT 94 9:03:**  Officer saw someone in grey sweatshirt that didn't respond to him.  

**EDIT 93 9:01:**  Said the information was 7 hours old, people had already left the house, boston PD is going to go in and clear it.

Subject may have posted online, considered to be a likely fake now due to recent creation.

**EDIT 92 9:01:** Undercover found possible suspect at Arsenal.

**EDIT 91 8:58:**  ~~Sounded like suspects voice on scanner, did not recognize voice, may have been repeating what was said~~  ""I will kill you all like you killed my brother""  (Did anyone else hear that?  Am I going crazy?) 

**EDIT 90 8:56:**  Talking with helicopter, heli is 5m out.

**EDIT 89 8:55:**  No foot chase, no one saw someone enter one of the houses.  ""We have units to -------- (?) street, package in the lobby, left unattended.""  They are ready to search on Oak st.

**EDIT 88 8:54:**  Notified about someone running through a yard with a black hoodie.

**EDIT 87 8:53:**  SWAT went into an apartment.  EOD is coming in on -------- and -------.

**EDIT 86 8:52:**  Occupant in a building, white backpack, grey jacket with hood.  Nearby building with sat dishes on top.  Outside the perimeter.  Large industrial building.

**EDIT 85 8:52:**  Unit frantically saying something.  Can't make it out. 

**EDIT 84 8:51:** Asking if anyone actually got a clear visual of him running into a home.  No response.

**EDIT 83 8:50:**  They are trying to get about 30 people out of there with a bus.

**EDIT 82 8:47:**   They are about to go into -------.

**EDIT 81 8:46:**  ""Looks like some type of rocket in the basement.  We need EOD here.""

**EDIT 80-2 8:45:** Special ops responding to ------.  Couple guys on --------.  Others on --------.

**EDIT 80 8:38-8:45:**  Back door is open.  Asking for armor to be expedited.  ""There are three armor coming for cover.""  Tactical team is in place.  

*Just going to write what is said below for this incident:*

""We gotta get discipline.  We have to hold cover.""  ""We don't need anymore help here.""  ""Clear up the air.""  ""Looking at number ----, Bear with us, officers holding the perimeter.  Everyone behind cover.  All agencies here.""

""We are not sending our guys in. We are waiting for tactical.  We have tactical officers in the back.  Officers on ------ in case they double back when we clear this.  Media members running around in the complex there.  Somebody grab them and get them out of here.""

""Man with a black hoodie moving towards ----."" - Last seen.  ""Yellow House.  Grey house on ------ had a motion light go on.""  ""Officers on -------.""  ""Can we get a ram up to -------?""

""The suspect may be in 25, 23, ----, all officers pull back from that location.  We have to have SWAT cover down.  ---- green house, ---- tan house.  Keep an eye on that, keep cover.""

""We have enough assets here now.  We're going to clear this house and then move over there.""  ""I'm trying to move my guys to proper cover"" (5th time he's said it, get behind cover guys!)

""Clearing ---- --------, then we'll move over to help you there.""

**EDIT 79 8:38:**  Last location of the suspect... Last officer to see the suspect: Charlie supervisor.  They are checking the cellar basement, open door.

**EDIT 78 8:37:**  Requesting tactical team to ---- --------.  Reminding units to stay back in case he doubles back.  EOD team needed at ----------.

**EDIT 77 8:36:**  An officers emergency signal is going off, asking if he is ok.  No response yet.

**EDIT 76 8:35:**  ""Officers stay in case they try to double back.""  They have enough officers there, saying they have plenty of help.  ""Stay in your zone.  Guys get behind cover! (irritated)  Warning, use caution in approach.""

**EDIT 75 8:34:**  ---- -------- in Watertown needs help.  Assistance is on the way, ""units use caution""

**EDIT 74 8:30:**  Tactical Ops squads are calling in statuses.  All appear to be actively searching.  Other officers waiting to contact them.  One is hooking up with a HAZMAT team.

**EDIT 73 8:27:**  Code 5 on ------ towards Watertown.  Code 5 = Transporting a prisoner.

**EDIT 72 8:22:**  ""---------- (sounded like), black bookbag, looks suspicious"" EOD called.

**EDIT 71 8:21:**  ""Attention all officers, if anyone approaches the suspect, a trigger was found on the bodies of individuals in our custody, indicates current suspect may be wearing a suicide vest.""  paraphrased.

**EDIT 70 8:20:**  *GENERAL UPDATE:*  Suspect #1 (Black Hat) is dead.  Believe he may have been wearing explosives, extreme trauma to body.  Suspect #2 (white hat) is still on the run.  They have apprehended other related suspects who had trigger devices.  Unknown amount of suspects or relation.  All public transportation in Boston is shut down.  Primary suspects were brothers.

**EDIT 69 8:19:**  State reports suspect is most likely wearing a suicide vest.

**EDIT 68 8:18:** There is another vehicle at the entrance to the --------, asking if they are expecting another vehicle.  ""Standby""  

**EDIT 67 8:17:**  ""All officers use extreme caution, may have suicide vest on, extreme caution when encountering suspect.""  Came out of nowhere.

**EDIT 66 8:15:**  ---- -------, special ops unit going there along with another unit.

**EDIT 65 8:13:**  -------, local PD had to pull back.  Requesting a unit to help with crowd.

**EDIT 64 8:11:**  ""All bomb dogs report to the ------, the --------.""

**EDIT 63 8:10:**  Just moving units around, no real leads or hot spots.

**EDIT 62 8:07:**  All Tango Echo (Special Ops) units that were assisting in Watertown are now ----------.

**EDIT 61 8:03:**  All responding units respond to state police and you will be issued a strike team.  ""All units responding to --------.""  Looks like they're bringing even more in.

**EDIT 60 8:01:**  Sending trooper to --------- (spelled it like it sounded)

**EDIT 59 8:00:**  Nothing going on.  Open mic sounds like bridge to ""Whole Lotta Love.""

**EDIT 58 7:57:**  I hope someone gets something out of this 3 hours from now when reddit starts working again. :)

**EDIT 57 7:56:**  ""White male yellow jacket eastbound on the walkway headed (unintelligible)

**EDIT 56 7:54:**  SWAT Team en route to -------.

**EDIT 55 7:53:**  ""They have the device."" Hard to hear, broke through a lot of chatter.

**EDIT 54 7:51:**  Requesting a SWAT team to ---- -----.

**EDIT 53 7:50:**  Clearing crawlspace on ----.

**EDIT 52 7:49:**  ""Tracking kanines right around the corner, how far out are you?""  

**EDIT 51 7:48:**  Come to -------, north of that device, all six units come, 50-75m apart.  

**EDIT 50 7:47:**  Requested tracking dogs near --------.

**EDIT 49 7:46:**  Something vague about putting your hands somewhere.

**EDIT 48 7:45:**  Red BMW, very high rate of speed.  Called out license to check.

**EDIT 47 7:42:**  ""Negative on that package, owner was aware of it.""

**EDIT 46 7:40:**  In a few minutes we're going into a house on ---- --------.  Package outside with clothes in it.  They may need a bomb unit.

**EDIT 45 7:39:**  Looks like reddit is back.  Hopefully it stays.  I'll keep updating while reddit is out, seems like it still is.

**EDIT 44 7:38:**  Asking if ------ ramp was opened, said the situation there was resolved and they think it is open.

**EDIT 43 7:37:**  Marine unit being called, asking if they have the suspect.  ""Unknown.""

**EDIT 42 7:36:**  ---- --------- 1 in custody.

**EDIT 41 7:35:**  Gang unit meeting up at ---- ----- Street to assist on an interview.

**EDIT 40 7:34:**  Calling ambulance to stand by for SWAT teams ""to be held if needed.""

**EDIT 39 7:34:**  Cab that dropped off a person that led a foot chase near ---------, telling them to dispatch units to the area.

**EDIT 38 7:33:**  Sending units to bridge near --------.

**EDIT 37 7:32:**  Unit working up search from ------ to -------.  

**EDIT 36 7:31:**  ""White truck with Russian lettering.""  ""Have a secret service compliment here (? I think that's what he said), no thank you.""

**EDIT 35 7:30:**  Asking where to assign two bus loads of officers that just arrived.  Moving to staging point at Arsenal Mall.

**EDIT 34 7:29:**  ""Negative on device at --------.""

**EDIT 33 7:28:**  ""We received a call about a suspicious package."" ""Where?"" ... ""---- ------ (?)""  Northbound on I-28, debris mentioned earlier.

**EDIT 32 7:26:**  Requesting non lethal rounds on ------.  Earlier numerous units needed rounds, not clear if they didn't have them to begin with or used them.

**EDIT 31 7:25:**  ""One report that truck dumped a lot of debris on the road.""  ""1/4 mile outside of the (unintelligible)

**EDIT 30 7:22:**  ""The photograph you just sent me, where did you take that from?"" It was forwarded.  ""--------, diagonally across from ----"" ""where they stopped this guy.""  ""The picture you sent me is from ------- I have that acknowledged"" - No context on what photo was, possibly detonated device.

**EDIT 29 7:20:**  ""Check out -------."" ""Located an article of clothing that might have been worn by the suspect.""  Needs someone to collect it.  RESPONSE:  First priority is to search for suspect, then EOD, then collecting evidence.

**EDIT 28 7:18:**  ""The armored vehicle element has an option of rotating one personnel in a truck with a medic.""  ""Reserve tactical team near Nathaniel Hall, all units high visibility.""

**EDIT 27 7:15:**  ""Getting info that party may be in a cab heading towards the courthouse.""  ""I don't know where he's coming from."" - dispatch

**EDIT 26 7:11:**  ""It exploded, whatever they detonated down here.""

**EDIT 25 7:10:**  ""------- needs to be shut down"" ""there is a device, there will be a detonation"" - EOD Commander

**EDIT 24 7:09:**  ""We just crossed ------, we're working between ------ and ------ street now.""

**EDIT 23 7:08:**  Matching suspect to telephone, 93 phone calls made (? Not sure, no other context)

**EDIT 22 7:07:**  Asking if the parole yard had been checked, telling unit on ------ that they are moving through.  ""We have a lot of moving parts, avoid a crossfire situation""

**EDIT 21 7:06:**  Techs said ""item was a positive"" moving to ""phase 2""

**EDIT 20 7:05:**  Requesting ""delta detective"" to return (sounded like guy at Arsenal, not sure though)

**EDIT 19 7:04:**  ""All units, subject we have is not a threat, stand down.""

**EDIT 18 7:03:** ""Sending three from H4 to ------, three truck teams and one of mine.""

**EDIT 17 7:02:** ""Be right out front on ------, two troopers will meet you out there, they have the location.""

**EDIT 16 7:01:** EMT's needed, #7 in parking lot, loud beeping during call out of address.

**EDIT 15 7:00:** ------- closure ""package underneath the roadway, EOD is going to be investigating.""

**EDIT 14 6:59:**  Mention of a ""threat"" on --------, ""someone said take cover""  ""detonated pipe bomb, ------- and -------.""

**EDIT 13 6:57:**  Requesting assistance to check a building, -------.

**EDIT 12 6:56:**  ""In the direction of the Convention..."" No context.

**EDIT 11 6:55:**  Reporting Nissan heading down -----, saying they need to stop him.

**EDIT 10 6:53:**  3rd party called to say suspect 2 spotted on ------ Bridge walking towards downtown.  Multiple units on the way.

**EDIT 9 6:49:** ""Show her the package please!  Go to the back, show her the package!""  No context.

**EDIT 8:** Woman reports on ------ that her shed is open with the lock on the ground.  Units moving.

**EDIT 7:** /u/JpDeathBlades's twitter says Marathon bombers are Russian. https://twitter.com/JpDeathBlade.  [AP Link](http://bigstory.ap.org/article/ap-surviving-boston-bomb-suspect-identified-dzhokhar-tsarnaev-19-cambridge-mass)

**EDIT 6:**  Calling out white Honda Civic, unattended near exit 19.  Open garage door on Auburn, checking out now.

**EDIT 5:**  One of the cab suspects is not giving information, only said something about -------.

**EDIT 4:**  Strike team 2 at ------ right now.

**EDIT 3:**  Two guys in handcuffs from cab, bomb squad is there.  No mention if this is the suspect.

**EDIT 2:**  Five SWAT teams deployed, clearing Watertown area house by house.

**EDIT 1:**  They just said everyone head to the ------.

They stopped a cab with three middle eastern people, originally thought it was him but apparently it is not.  They had called all units to the locations but have since spread back out.

If /u/JpDeathBlade is already doing one let me know.  I didn't see one so I thought I'd keep one up.",1366370069.0,,,https://www.reddit.com/r/news/comments/1co7a4/live_update_thread_unofficial_part_3/,5,2048,confidence,<praw.reddit.Reddit object at 0x7fbefadafc40>,,news,t2_32e60,False,,0,False,[],r/news,False,6,,0,,False,t3_1co7a4,False,dark,0.91,,public,748,0,{},,False,[],,False,False,,{},False,748,,False,False,,1366380792.0,,[],{},,True,,text,6,,,text,self.news,False,"<!-- SC_OFF --><div class=""md""><p><a href=""http://www.reddit.com/r/news/comments/1codv1/live_boston_update_thread_unofficial_4/"">Over text limit, continued in this thread</a></p>

<p><strong>EDIT 115 10:00:</strong>  They think they might know the vehicle that the suspect is operating.  Grey Honda CRV.  </p>

<p><strong>EDIT 113 9:54:</strong>  Having discussions about some movements.  Nothing specific.</p>

<p><strong>EDIT 112 9:49:</strong>  Special Ops and K9 units inbound for suspicious vehicle. </p>

<p><strong>EDIT 111 9:48:</strong>  <a href=""https://twitter.com/Boston_Police/status/325240385003732993/photo/1"">Updated photo of suspect</a> released by Boston PD.  Another suspicious package found in a parking lot.</p>

<p><strong>EDIT 110 9:45:</strong>  3 People in a car, possible contact with suspect.  Voice not very clear.  Sending resources to location.</p>

<p><strong>EDIT 109 9:42:</strong> Radio or scanner silence.  Just silence.  EOD is being called in.</p>

<p><strong>EDIT 108 9:39:</strong>  Someone in a building is waving at the cops to come in.  Now say he is no longer there.  White male, blue long sleeve shirt, second floor.</p>

<p><strong>EDIT 107 9:35:</strong>  Suspicious package, four boxes tied together.  Only information known at the time.</p>

<p><strong>EDIT 106 9:34:</strong>  Cleared a house, nothing of value.</p>

<p><strong>EDIT 105 9:30:</strong>  Black hoodie subject was checked out and apparently cleared.  He was emailing pictures to his brother.</p>

<p><strong>EDIT 104 9:28:</strong>  Removing all addresses.  Feed is back up.  They are about to clear some houses.</p>

<p><strong>EDIT 103 9:23:</strong>  I&#39;m reading that all police scanners are down.  If you find one working let me know.</p>

<p><strong>EDIT 102 9:22:</strong> Feed cut out for me on Broadcastify.  Picked up another one.</p>

<p><strong>EDIT 101 9:14:</strong>  Moving assets back to staging area to figure out redeployment.  Looks like ------- was an abandoned house.</p>

<p><strong>EDIT 100 9:13:</strong>  Removed addresses.  Good call, shouldn&#39;t have put the house numbers.  Leaving street names for those who live in the area that need to not be in those areas.  If they are requesting no street names either tell me and I&quot;ll remove them.</p>

<p><strong>EDIT 99 9:11:</strong> <a href=""/u/esopterodactyl"">/u/esopterodactyl</a> has the twitter link for <a href=""https://twitter.com/Boston_Police/status/325230546928160768"">Boston PD</a></p>

<p><strong>EDIT 99 9:10:</strong>  <a href=""/u/foobster"">/u/foobster</a> found <del>Suspect #2&#39;s twitter</del> REMOVED</p>

<p><strong>EDIT 98 9:09:</strong>  Address is ------- &amp; ------- for male in black hoodie on the back porch with a laptop.</p>

<p><strong>EDIT 97 9:08:</strong>  They are getting a microphone ready to record something.</p>

<p><strong>EDIT 96 9:05:</strong>  Individual on ------- street with a laptop.  They are checking it out.  Male with black hoodie and laptop, grey house.</p>

<p><strong>EDIT 95 9:04:</strong>  Found suspect with black hoodie.  They saw him taking pictures, he ducked into a house once the area was secured.</p>

<p><strong>EDIT 94 9:03:</strong>  Officer saw someone in grey sweatshirt that didn&#39;t respond to him.  </p>

<p><strong>EDIT 93 9:01:</strong>  Said the information was 7 hours old, people had already left the house, boston PD is going to go in and clear it.</p>

<p>Subject may have posted online, considered to be a likely fake now due to recent creation.</p>

<p><strong>EDIT 92 9:01:</strong> Undercover found possible suspect at Arsenal.</p>

<p><strong>EDIT 91 8:58:</strong>  <del>Sounded like suspects voice on scanner, did not recognize voice, may have been repeating what was said</del>  &quot;I will kill you all like you killed my brother&quot;  (Did anyone else hear that?  Am I going crazy?) </p>

<p><strong>EDIT 90 8:56:</strong>  Talking with helicopter, heli is 5m out.</p>

<p><strong>EDIT 89 8:55:</strong>  No foot chase, no one saw someone enter one of the houses.  &quot;We have units to -------- (?) street, package in the lobby, left unattended.&quot;  They are ready to search on Oak st.</p>

<p><strong>EDIT 88 8:54:</strong>  Notified about someone running through a yard with a black hoodie.</p>

<p><strong>EDIT 87 8:53:</strong>  SWAT went into an apartment.  EOD is coming in on -------- and -------.</p>

<p><strong>EDIT 86 8:52:</strong>  Occupant in a building, white backpack, grey jacket with hood.  Nearby building with sat dishes on top.  Outside the perimeter.  Large industrial building.</p>

<p><strong>EDIT 85 8:52:</strong>  Unit frantically saying something.  Can&#39;t make it out. </p>

<p><strong>EDIT 84 8:51:</strong> Asking if anyone actually got a clear visual of him running into a home.  No response.</p>

<p><strong>EDIT 83 8:50:</strong>  They are trying to get about 30 people out of there with a bus.</p>

<p><strong>EDIT 82 8:47:</strong>   They are about to go into -------.</p>

<p><strong>EDIT 81 8:46:</strong>  &quot;Looks like some type of rocket in the basement.  We need EOD here.&quot;</p>

<p><strong>EDIT 80-2 8:45:</strong> Special ops responding to ------.  Couple guys on --------.  Others on --------.</p>

<p><strong>EDIT 80 8:38-8:45:</strong>  Back door is open.  Asking for armor to be expedited.  &quot;There are three armor coming for cover.&quot;  Tactical team is in place.  </p>

<p><em>Just going to write what is said below for this incident:</em></p>

<p>&quot;We gotta get discipline.  We have to hold cover.&quot;  &quot;We don&#39;t need anymore help here.&quot;  &quot;Clear up the air.&quot;  &quot;Looking at number ----, Bear with us, officers holding the perimeter.  Everyone behind cover.  All agencies here.&quot;</p>

<p>&quot;We are not sending our guys in. We are waiting for tactical.  We have tactical officers in the back.  Officers on ------ in case they double back when we clear this.  Media members running around in the complex there.  Somebody grab them and get them out of here.&quot;</p>

<p>&quot;Man with a black hoodie moving towards ----.&quot; - Last seen.  &quot;Yellow House.  Grey house on ------ had a motion light go on.&quot;  &quot;Officers on -------.&quot;  &quot;Can we get a ram up to -------?&quot;</p>

<p>&quot;The suspect may be in 25, 23, ----, all officers pull back from that location.  We have to have SWAT cover down.  ---- green house, ---- tan house.  Keep an eye on that, keep cover.&quot;</p>

<p>&quot;We have enough assets here now.  We&#39;re going to clear this house and then move over there.&quot;  &quot;I&#39;m trying to move my guys to proper cover&quot; (5th time he&#39;s said it, get behind cover guys!)</p>

<p>&quot;Clearing ---- --------, then we&#39;ll move over to help you there.&quot;</p>

<p><strong>EDIT 79 8:38:</strong>  Last location of the suspect... Last officer to see the suspect: Charlie supervisor.  They are checking the cellar basement, open door.</p>

<p><strong>EDIT 78 8:37:</strong>  Requesting tactical team to ---- --------.  Reminding units to stay back in case he doubles back.  EOD team needed at ----------.</p>

<p><strong>EDIT 77 8:36:</strong>  An officers emergency signal is going off, asking if he is ok.  No response yet.</p>

<p><strong>EDIT 76 8:35:</strong>  &quot;Officers stay in case they try to double back.&quot;  They have enough officers there, saying they have plenty of help.  &quot;Stay in your zone.  Guys get behind cover! (irritated)  Warning, use caution in approach.&quot;</p>

<p><strong>EDIT 75 8:34:</strong>  ---- -------- in Watertown needs help.  Assistance is on the way, &quot;units use caution&quot;</p>

<p><strong>EDIT 74 8:30:</strong>  Tactical Ops squads are calling in statuses.  All appear to be actively searching.  Other officers waiting to contact them.  One is hooking up with a HAZMAT team.</p>

<p><strong>EDIT 73 8:27:</strong>  Code 5 on ------ towards Watertown.  Code 5 = Transporting a prisoner.</p>

<p><strong>EDIT 72 8:22:</strong>  &quot;---------- (sounded like), black bookbag, looks suspicious&quot; EOD called.</p>

<p><strong>EDIT 71 8:21:</strong>  &quot;Attention all officers, if anyone approaches the suspect, a trigger was found on the bodies of individuals in our custody, indicates current suspect may be wearing a suicide vest.&quot;  paraphrased.</p>

<p><strong>EDIT 70 8:20:</strong>  <em>GENERAL UPDATE:</em>  Suspect #1 (Black Hat) is dead.  Believe he may have been wearing explosives, extreme trauma to body.  Suspect #2 (white hat) is still on the run.  They have apprehended other related suspects who had trigger devices.  Unknown amount of suspects or relation.  All public transportation in Boston is shut down.  Primary suspects were brothers.</p>

<p><strong>EDIT 69 8:19:</strong>  State reports suspect is most likely wearing a suicide vest.</p>

<p><strong>EDIT 68 8:18:</strong> There is another vehicle at the entrance to the --------, asking if they are expecting another vehicle.  &quot;Standby&quot;  </p>

<p><strong>EDIT 67 8:17:</strong>  &quot;All officers use extreme caution, may have suicide vest on, extreme caution when encountering suspect.&quot;  Came out of nowhere.</p>

<p><strong>EDIT 66 8:15:</strong>  ---- -------, special ops unit going there along with another unit.</p>

<p><strong>EDIT 65 8:13:</strong>  -------, local PD had to pull back.  Requesting a unit to help with crowd.</p>

<p><strong>EDIT 64 8:11:</strong>  &quot;All bomb dogs report to the ------, the --------.&quot;</p>

<p><strong>EDIT 63 8:10:</strong>  Just moving units around, no real leads or hot spots.</p>

<p><strong>EDIT 62 8:07:</strong>  All Tango Echo (Special Ops) units that were assisting in Watertown are now ----------.</p>

<p><strong>EDIT 61 8:03:</strong>  All responding units respond to state police and you will be issued a strike team.  &quot;All units responding to --------.&quot;  Looks like they&#39;re bringing even more in.</p>

<p><strong>EDIT 60 8:01:</strong>  Sending trooper to --------- (spelled it like it sounded)</p>

<p><strong>EDIT 59 8:00:</strong>  Nothing going on.  Open mic sounds like bridge to &quot;Whole Lotta Love.&quot;</p>

<p><strong>EDIT 58 7:57:</strong>  I hope someone gets something out of this 3 hours from now when reddit starts working again. :)</p>

<p><strong>EDIT 57 7:56:</strong>  &quot;White male yellow jacket eastbound on the walkway headed (unintelligible)</p>

<p><strong>EDIT 56 7:54:</strong>  SWAT Team en route to -------.</p>

<p><strong>EDIT 55 7:53:</strong>  &quot;They have the device.&quot; Hard to hear, broke through a lot of chatter.</p>

<p><strong>EDIT 54 7:51:</strong>  Requesting a SWAT team to ---- -----.</p>

<p><strong>EDIT 53 7:50:</strong>  Clearing crawlspace on ----.</p>

<p><strong>EDIT 52 7:49:</strong>  &quot;Tracking kanines right around the corner, how far out are you?&quot;  </p>

<p><strong>EDIT 51 7:48:</strong>  Come to -------, north of that device, all six units come, 50-75m apart.  </p>

<p><strong>EDIT 50 7:47:</strong>  Requested tracking dogs near --------.</p>

<p><strong>EDIT 49 7:46:</strong>  Something vague about putting your hands somewhere.</p>

<p><strong>EDIT 48 7:45:</strong>  Red BMW, very high rate of speed.  Called out license to check.</p>

<p><strong>EDIT 47 7:42:</strong>  &quot;Negative on that package, owner was aware of it.&quot;</p>

<p><strong>EDIT 46 7:40:</strong>  In a few minutes we&#39;re going into a house on ---- --------.  Package outside with clothes in it.  They may need a bomb unit.</p>

<p><strong>EDIT 45 7:39:</strong>  Looks like reddit is back.  Hopefully it stays.  I&#39;ll keep updating while reddit is out, seems like it still is.</p>

<p><strong>EDIT 44 7:38:</strong>  Asking if ------ ramp was opened, said the situation there was resolved and they think it is open.</p>

<p><strong>EDIT 43 7:37:</strong>  Marine unit being called, asking if they have the suspect.  &quot;Unknown.&quot;</p>

<p><strong>EDIT 42 7:36:</strong>  ---- --------- 1 in custody.</p>

<p><strong>EDIT 41 7:35:</strong>  Gang unit meeting up at ---- ----- Street to assist on an interview.</p>

<p><strong>EDIT 40 7:34:</strong>  Calling ambulance to stand by for SWAT teams &quot;to be held if needed.&quot;</p>

<p><strong>EDIT 39 7:34:</strong>  Cab that dropped off a person that led a foot chase near ---------, telling them to dispatch units to the area.</p>

<p><strong>EDIT 38 7:33:</strong>  Sending units to bridge near --------.</p>

<p><strong>EDIT 37 7:32:</strong>  Unit working up search from ------ to -------.  </p>

<p><strong>EDIT 36 7:31:</strong>  &quot;White truck with Russian lettering.&quot;  &quot;Have a secret service compliment here (? I think that&#39;s what he said), no thank you.&quot;</p>

<p><strong>EDIT 35 7:30:</strong>  Asking where to assign two bus loads of officers that just arrived.  Moving to staging point at Arsenal Mall.</p>

<p><strong>EDIT 34 7:29:</strong>  &quot;Negative on device at --------.&quot;</p>

<p><strong>EDIT 33 7:28:</strong>  &quot;We received a call about a suspicious package.&quot; &quot;Where?&quot; ... &quot;---- ------ (?)&quot;  Northbound on I-28, debris mentioned earlier.</p>

<p><strong>EDIT 32 7:26:</strong>  Requesting non lethal rounds on ------.  Earlier numerous units needed rounds, not clear if they didn&#39;t have them to begin with or used them.</p>

<p><strong>EDIT 31 7:25:</strong>  &quot;One report that truck dumped a lot of debris on the road.&quot;  &quot;1/4 mile outside of the (unintelligible)</p>

<p><strong>EDIT 30 7:22:</strong>  &quot;The photograph you just sent me, where did you take that from?&quot; It was forwarded.  &quot;--------, diagonally across from ----&quot; &quot;where they stopped this guy.&quot;  &quot;The picture you sent me is from ------- I have that acknowledged&quot; - No context on what photo was, possibly detonated device.</p>

<p><strong>EDIT 29 7:20:</strong>  &quot;Check out -------.&quot; &quot;Located an article of clothing that might have been worn by the suspect.&quot;  Needs someone to collect it.  RESPONSE:  First priority is to search for suspect, then EOD, then collecting evidence.</p>

<p><strong>EDIT 28 7:18:</strong>  &quot;The armored vehicle element has an option of rotating one personnel in a truck with a medic.&quot;  &quot;Reserve tactical team near Nathaniel Hall, all units high visibility.&quot;</p>

<p><strong>EDIT 27 7:15:</strong>  &quot;Getting info that party may be in a cab heading towards the courthouse.&quot;  &quot;I don&#39;t know where he&#39;s coming from.&quot; - dispatch</p>

<p><strong>EDIT 26 7:11:</strong>  &quot;It exploded, whatever they detonated down here.&quot;</p>

<p><strong>EDIT 25 7:10:</strong>  &quot;------- needs to be shut down&quot; &quot;there is a device, there will be a detonation&quot; - EOD Commander</p>

<p><strong>EDIT 24 7:09:</strong>  &quot;We just crossed ------, we&#39;re working between ------ and ------ street now.&quot;</p>

<p><strong>EDIT 23 7:08:</strong>  Matching suspect to telephone, 93 phone calls made (? Not sure, no other context)</p>

<p><strong>EDIT 22 7:07:</strong>  Asking if the parole yard had been checked, telling unit on ------ that they are moving through.  &quot;We have a lot of moving parts, avoid a crossfire situation&quot;</p>

<p><strong>EDIT 21 7:06:</strong>  Techs said &quot;item was a positive&quot; moving to &quot;phase 2&quot;</p>

<p><strong>EDIT 20 7:05:</strong>  Requesting &quot;delta detective&quot; to return (sounded like guy at Arsenal, not sure though)</p>

<p><strong>EDIT 19 7:04:</strong>  &quot;All units, subject we have is not a threat, stand down.&quot;</p>

<p><strong>EDIT 18 7:03:</strong> &quot;Sending three from H4 to ------, three truck teams and one of mine.&quot;</p>

<p><strong>EDIT 17 7:02:</strong> &quot;Be right out front on ------, two troopers will meet you out there, they have the location.&quot;</p>

<p><strong>EDIT 16 7:01:</strong> EMT&#39;s needed, #7 in parking lot, loud beeping during call out of address.</p>

<p><strong>EDIT 15 7:00:</strong> ------- closure &quot;package underneath the roadway, EOD is going to be investigating.&quot;</p>

<p><strong>EDIT 14 6:59:</strong>  Mention of a &quot;threat&quot; on --------, &quot;someone said take cover&quot;  &quot;detonated pipe bomb, ------- and -------.&quot;</p>

<p><strong>EDIT 13 6:57:</strong>  Requesting assistance to check a building, -------.</p>

<p><strong>EDIT 12 6:56:</strong>  &quot;In the direction of the Convention...&quot; No context.</p>

<p><strong>EDIT 11 6:55:</strong>  Reporting Nissan heading down -----, saying they need to stop him.</p>

<p><strong>EDIT 10 6:53:</strong>  3rd party called to say suspect 2 spotted on ------ Bridge walking towards downtown.  Multiple units on the way.</p>

<p><strong>EDIT 9 6:49:</strong> &quot;Show her the package please!  Go to the back, show her the package!&quot;  No context.</p>

<p><strong>EDIT 8:</strong> Woman reports on ------ that her shed is open with the lock on the ground.  Units moving.</p>

<p><strong>EDIT 7:</strong> <a href=""/u/JpDeathBlades"">/u/JpDeathBlades</a>&#39;s twitter says Marathon bombers are Russian. <a href=""https://twitter.com/JpDeathBlade"">https://twitter.com/JpDeathBlade</a>.  <a href=""http://bigstory.ap.org/article/ap-surviving-boston-bomb-suspect-identified-dzhokhar-tsarnaev-19-cambridge-mass"">AP Link</a></p>

<p><strong>EDIT 6:</strong>  Calling out white Honda Civic, unattended near exit 19.  Open garage door on Auburn, checking out now.</p>

<p><strong>EDIT 5:</strong>  One of the cab suspects is not giving information, only said something about -------.</p>

<p><strong>EDIT 4:</strong>  Strike team 2 at ------ right now.</p>

<p><strong>EDIT 3:</strong>  Two guys in handcuffs from cab, bomb squad is there.  No mention if this is the suspect.</p>

<p><strong>EDIT 2:</strong>  Five SWAT teams deployed, clearing Watertown area house by house.</p>

<p><strong>EDIT 1:</strong>  They just said everyone head to the ------.</p>

<p>They stopped a cab with three middle eastern people, originally thought it was him but apparently it is not.  They had called all units to the locations but have since spread back out.</p>

<p>If <a href=""/u/JpDeathBlade"">/u/JpDeathBlade</a> is already doing one let me know.  I didn&#39;t see one so I thought I&#39;d keep one up.</p>
</div><!-- SC_ON -->",,,,,,True,False,False,False,False,[],[],False,False,False,False,[],False,,,,t5_2qh3l,False,,,,True,,,160,True,all_ads,False,[],False,,/r/news/comments/1co7a4/live_update_thread_unofficial_part_3/,all_ads,False,24181657,1366370069.0,0,,False,False,{}
6,1y5dvy,floorsanders,farshad farivar,"Hang gliding is an air sport in which a pilot flies a light and non-motorized foot-launch aircraft called a hang glider that is of a delta wing design. Farshad Farivar says that Hang gliding has changed significantly over the years. That was once considered a dangerous activity for thrill seekers is now considered a legitimate sport. Hang gliding has gained more cultural acceptance, and the sport has grown steadily in popularity since the 70's",1392649373.0,,,https://www.reddit.com/r/news/comments/1y5dvy/farshad_farivar/,6,2048,confidence,<praw.reddit.Reddit object at 0x7fbefadafc40>,,news,t2_bee78,False,,0,False,[],r/news,False,6,,0,,False,t3_1y5dvy,False,dark,1.0,,public,1,0,{},,False,[],,False,False,,{},False,1,,False,False,,False,,[],{},,True,,text,6,,,text,self.news,False,"<!-- SC_OFF --><div class=""md""><p>Hang gliding is an air sport in which a pilot flies a light and non-motorized foot-launch aircraft called a hang glider that is of a delta wing design. Farshad Farivar says that Hang gliding has changed significantly over the years. That was once considered a dangerous activity for thrill seekers is now considered a legitimate sport. Hang gliding has gained more cultural acceptance, and the sport has grown steadily in popularity since the 70&#39;s</p>
</div><!-- SC_ON -->",,,,,,True,True,False,False,False,[],[],False,False,False,False,[],False,,,,t5_2qh3l,False,,,,True,,,0,True,all_ads,False,[],False,,/r/news/comments/1y5dvy/farshad_farivar/,all_ads,False,24181657,1392649373.0,0,,False,False,{}
