,id,author,title,selftext,created,author_flair_text,link_flair_text,url,Unnamed: 0,comment_limit,comment_sort,_reddit,approved_at_utc,subreddit,author_fullname,saved,mod_reason_title,gilded,clicked,link_flair_richtext,subreddit_name_prefixed,hidden,pwls,link_flair_css_class,downs,thumbnail_height,top_awarded_type,hide_score,name,quarantine,link_flair_text_color,upvote_ratio,author_flair_background_color,subreddit_type,ups,total_awards_received,media_embed,thumbnail_width,author_flair_template_id,is_original_content,user_reports,secure_media,is_reddit_media_domain,is_meta,category,secure_media_embed,can_mod_post,score,approved_by,is_created_from_ads_ui,author_premium,thumbnail,edited,author_flair_css_class,author_flair_richtext,gildings,content_categories,is_self,mod_note,link_flair_type,wls,removed_by_category,banned_by,author_flair_type,domain,allow_live_comments,selftext_html,likes,suggested_sort,banned_at_utc,view_count,archived,no_follow,is_crosspostable,pinned,over_18,all_awardings,awarders,media_only,link_flair_template_id,can_gild,spoiler,locked,treatment_tags,visited,removed_by,num_reports,distinguished,subreddit_id,author_is_blocked,mod_reason_by,removal_reason,link_flair_background_color,is_robot_indexable,report_reasons,discussion_type,num_comments,send_replies,whitelist_status,contest_mode,mod_reports,author_patreon_flair,author_flair_text_color,permalink,parent_whitelist_status,stickied,subreddit_subscribers,created_utc,num_crossposts,media,is_video,_fetched,_comments_by_id
0,ix26oo,betterdaze2020,Detailed Medicinal Dreams Review: A Critic's Perspective,"Greetings fellow d8 enthusiasts. It is me, the dude who ripped MD a new )*( last week. I'm here to say that my 2 orders (one from the 21st of August, the other from the 27th)  finally came almost a full month after ordering. Let's get down to business. 

Shipping: 2.5/5

When I placed my first order it said 7 days processing time, when I placed my second order it said 7-10 days processing time. Both took longer than than quoted to get out. Possitives>The package was intact when I received it, nothing broken, paper protecting the products, nothing related to hemp or CBD on the package. Negatives>Everything was just thrown in a box without any protection besides a few pieces of paper but it did get here fine. There was no notice to law enforcement in this package. It took almost a full month.

Packaging: 3/5

Nothing is properly labeled besides the tincture, however, everything was sealed tightly and the packaging they use is easy to deal with. The jars they use for the D8 had a nasty residual factory (something I've encountered with other companies too) smell when heated but the smell/odor did not transfer over to the distillate. I believe it is just the plastic cap that creates this smell so don't do a hot water bath with the cap on if you care about that. You will NEVER be able to get the last .2g of dist out of these jars unless you rinse with ethanol but that is an issue encountered with every small jar I've bought of d8 (with the exception of the legendary green rush 6.5g jars which are the GOAT for d8.) Overall if they bought/used a label maker for their products 95% of their package issues would be fixed but we all know that takes time which would have delayed orders even worse than they already were. 

Product: 5/5 

Ima be real with you... its good...  like almost cannaclear good... I actually realized while comparing lab results that cannaclear and MD both have labs from altitude labs showing near the same results, same with Denex. I'd be shocked if the 3 had different suppliers, at the very least they are likely purchasing product from the same extractor. They all have different batches/labs up rn but I wouldn't be surprised, with a little digging, if I found out they all used the same source. With that being said cannaclear distillate is better imo because it's less oxidized, less taste, and a trustworthy source... HOWEVER the potency is nearly indistinguishable if I'm being honest. The CBG is legit, the hemp gummies worked well, I got a little disposable pen thrown in with my order that seems fine but I wont touch it without seing a heavy metals report on the cartridge. None of my jars of d8 weighed the same. Most were on point within .05g but 2 were short roughly .15g and 3 or 4 were over by between .15g and .7g. Overall I got roughly 1.5g more than I paid for in total. CBG was exactly 1g, isolate a little over 1g. I received the correct amount of products. 

Ethics: 2.5/5 

This company has made some questionable business decisions that I believe fall into the moral grey area. They paid for reviews, were very rude to people who disagreed with them or asked for help with missing items, allowed people to jump in line by paying extra shipping, and to this day make posts about our community on facebook calling us clowns for pointing out their bulshit. Now you may be asking yourself ""Betterdaze why would you give them a 2.5/5 if they are acting like such dicks?"" Well my friends the answer is simple, they actually shipped the orders. Actions speak louder than words, they can moan about our community as much as they want but at the end of the day they begrudgingly accepted they had to close shop to catch up on orders and did so. They haven't publicly taken responsibility for their actions BUT they seem to have implemented measures to tackle the issues brought up by me and many others. We will see if they continue to head in the right direction. 

Conclusion: 

This place is like the Waffle House of the delta 8 world. Should you walk into a crouded waffle house on a Saturday morning expecting the best service of your life? Fuck no. Do you expect to be seated the second you walk in the door? Fuck no. Do you expect your mug to not have a little smudge on it? Fuck no. But will you get a delicious breakfast at an affordable price after waiting what seems like an eternity? Yes, yes you will. At the end of the day you need to ask yourself ""Does the cheap price make up for their short-falls?"" Many will say yes, many will say no but at the end of the day that is your decision. I personally will not be ordering from them again until they prove capable of conducting themselves properly. I simply cannot rationalize supporting them with this many great companies available for a couple dollars more. With that being said, I recognize that times are tough right now and saving some bills is more important than ever. I will say this, they are not a scam, it is definitely real d8, and you will either get your order or they will refund you. If they still offer it pay with paypal (goods and services only) or a credit card in case anything goes wrong. If you are short on bills and don't mind potentially waiting several weeks you would likely be fine ordering from them. 

Long ass post but hopefully it serves a purpose. Ty",1600700805.0,MOD,Reviews,https://www.reddit.com/r/delta8/comments/ix26oo/detailed_medicinal_dreams_review_a_critics/,0,2048,confidence,<praw.reddit.Reddit object at 0x7fbefa6733d0>,,delta8,t2_5atwfjqt,False,,0,False,[],r/delta8,False,0,,0,,,False,t3_ix26oo,False,light,0.95,#dadada,public,80,1,{},,69a21c28-8c73-11ea-92f1-0e1b360e58c3,False,[],,False,False,,{},False,80,,False,False,self,1600703177.0,,[],{},,True,,text,0,,,text,self.delta8,False,"<!-- SC_OFF --><div class=""md""><p>Greetings fellow d8 enthusiasts. It is me, the dude who ripped MD a new )*( last week. I&#39;m here to say that my 2 orders (one from the 21st of August, the other from the 27th)  finally came almost a full month after ordering. Let&#39;s get down to business. </p>

<p>Shipping: 2.5/5</p>

<p>When I placed my first order it said 7 days processing time, when I placed my second order it said 7-10 days processing time. Both took longer than than quoted to get out. Possitives&gt;The package was intact when I received it, nothing broken, paper protecting the products, nothing related to hemp or CBD on the package. Negatives&gt;Everything was just thrown in a box without any protection besides a few pieces of paper but it did get here fine. There was no notice to law enforcement in this package. It took almost a full month.</p>

<p>Packaging: 3/5</p>

<p>Nothing is properly labeled besides the tincture, however, everything was sealed tightly and the packaging they use is easy to deal with. The jars they use for the D8 had a nasty residual factory (something I&#39;ve encountered with other companies too) smell when heated but the smell/odor did not transfer over to the distillate. I believe it is just the plastic cap that creates this smell so don&#39;t do a hot water bath with the cap on if you care about that. You will NEVER be able to get the last .2g of dist out of these jars unless you rinse with ethanol but that is an issue encountered with every small jar I&#39;ve bought of d8 (with the exception of the legendary green rush 6.5g jars which are the GOAT for d8.) Overall if they bought/used a label maker for their products 95% of their package issues would be fixed but we all know that takes time which would have delayed orders even worse than they already were. </p>

<p>Product: 5/5 </p>

<p>Ima be real with you... its good...  like almost cannaclear good... I actually realized while comparing lab results that cannaclear and MD both have labs from altitude labs showing near the same results, same with Denex. I&#39;d be shocked if the 3 had different suppliers, at the very least they are likely purchasing product from the same extractor. They all have different batches/labs up rn but I wouldn&#39;t be surprised, with a little digging, if I found out they all used the same source. With that being said cannaclear distillate is better imo because it&#39;s less oxidized, less taste, and a trustworthy source... HOWEVER the potency is nearly indistinguishable if I&#39;m being honest. The CBG is legit, the hemp gummies worked well, I got a little disposable pen thrown in with my order that seems fine but I wont touch it without seing a heavy metals report on the cartridge. None of my jars of d8 weighed the same. Most were on point within .05g but 2 were short roughly .15g and 3 or 4 were over by between .15g and .7g. Overall I got roughly 1.5g more than I paid for in total. CBG was exactly 1g, isolate a little over 1g. I received the correct amount of products. </p>

<p>Ethics: 2.5/5 </p>

<p>This company has made some questionable business decisions that I believe fall into the moral grey area. They paid for reviews, were very rude to people who disagreed with them or asked for help with missing items, allowed people to jump in line by paying extra shipping, and to this day make posts about our community on facebook calling us clowns for pointing out their bulshit. Now you may be asking yourself &quot;Betterdaze why would you give them a 2.5/5 if they are acting like such dicks?&quot; Well my friends the answer is simple, they actually shipped the orders. Actions speak louder than words, they can moan about our community as much as they want but at the end of the day they begrudgingly accepted they had to close shop to catch up on orders and did so. They haven&#39;t publicly taken responsibility for their actions BUT they seem to have implemented measures to tackle the issues brought up by me and many others. We will see if they continue to head in the right direction. </p>

<p>Conclusion: </p>

<p>This place is like the Waffle House of the delta 8 world. Should you walk into a crouded waffle house on a Saturday morning expecting the best service of your life? Fuck no. Do you expect to be seated the second you walk in the door? Fuck no. Do you expect your mug to not have a little smudge on it? Fuck no. But will you get a delicious breakfast at an affordable price after waiting what seems like an eternity? Yes, yes you will. At the end of the day you need to ask yourself &quot;Does the cheap price make up for their short-falls?&quot; Many will say yes, many will say no but at the end of the day that is your decision. I personally will not be ordering from them again until they prove capable of conducting themselves properly. I simply cannot rationalize supporting them with this many great companies available for a couple dollars more. With that being said, I recognize that times are tough right now and saving some bills is more important than ever. I will say this, they are not a scam, it is definitely real d8, and you will either get your order or they will refund you. If they still offer it pay with paypal (goods and services only) or a credit card in case anything goes wrong. If you are short on bills and don&#39;t mind potentially waiting several weeks you would likely be fine ordering from them. </p>

<p>Long ass post but hopefully it serves a purpose. Ty</p>
</div><!-- SC_ON -->",,,,,True,False,False,False,True,"[{'giver_coin_reward': 0, 'subreddit_id': None, 'is_new': False, 'days_of_drip_extension': 0, 'coin_price': 100, 'id': 'award_01178870-6a4f-4172-8f36-9ed5092ee4f9', 'penny_donate': 0, 'award_sub_type': 'GLOBAL', 'coin_reward': 0, 'icon_url': 'https://i.redd.it/award_images/t5_22cerq/2754pa5jvsj51_GlowUp.png', 'days_of_premium': 0, 'tiers_by_required_awardings': None, 'resized_icons': [{'url': 'https://preview.redd.it/award_images/t5_22cerq/2754pa5jvsj51_GlowUp.png?width=16&height=16&auto=webp&s=7ef402e4400dbacd3b319ab18a8c72c97f08fb48', 'width': 16, 'height': 16}, {'url': 'https://preview.redd.it/award_images/t5_22cerq/2754pa5jvsj51_GlowUp.png?width=32&height=32&auto=webp&s=3ef998b93113d1cd3a4b75bdfd7485223b36250d', 'width': 32, 'height': 32}, {'url': 'https://preview.redd.it/award_images/t5_22cerq/2754pa5jvsj51_GlowUp.png?width=48&height=48&auto=webp&s=b4d02dbb8dbe1c997fdafa8aa862ce0a5e1d4c25', 'width': 48, 'height': 48}, {'url': 'https://preview.redd.it/award_images/t5_22cerq/2754pa5jvsj51_GlowUp.png?width=64&height=64&auto=webp&s=3f0f4be23a9ad9da36f3a1cef2f2fd208b09bc55', 'width': 64, 'height': 64}, {'url': 'https://preview.redd.it/award_images/t5_22cerq/2754pa5jvsj51_GlowUp.png?width=128&height=128&auto=webp&s=57e80210c6fa095baece3848e1ecd12c6d172a12', 'width': 128, 'height': 128}], 'icon_width': 2048, 'static_icon_width': 2048, 'start_date': None, 'is_enabled': True, 'awardings_required_to_grant_benefits': None, 'description': 'You look amazing, glowing, incredible!', 'end_date': None, 'subreddit_coin_reward': 0, 'count': 1, 'static_icon_height': 2048, 'name': 'Glow Up', 'resized_static_icons': [{'url': 'https://preview.redd.it/award_images/t5_22cerq/2754pa5jvsj51_GlowUp.png?width=16&height=16&auto=webp&s=7ef402e4400dbacd3b319ab18a8c72c97f08fb48', 'width': 16, 'height': 16}, {'url': 'https://preview.redd.it/award_images/t5_22cerq/2754pa5jvsj51_GlowUp.png?width=32&height=32&auto=webp&s=3ef998b93113d1cd3a4b75bdfd7485223b36250d', 'width': 32, 'height': 32}, {'url': 'https://preview.redd.it/award_images/t5_22cerq/2754pa5jvsj51_GlowUp.png?width=48&height=48&auto=webp&s=b4d02dbb8dbe1c997fdafa8aa862ce0a5e1d4c25', 'width': 48, 'height': 48}, {'url': 'https://preview.redd.it/award_images/t5_22cerq/2754pa5jvsj51_GlowUp.png?width=64&height=64&auto=webp&s=3f0f4be23a9ad9da36f3a1cef2f2fd208b09bc55', 'width': 64, 'height': 64}, {'url': 'https://preview.redd.it/award_images/t5_22cerq/2754pa5jvsj51_GlowUp.png?width=128&height=128&auto=webp&s=57e80210c6fa095baece3848e1ecd12c6d172a12', 'width': 128, 'height': 128}], 'icon_format': 'PNG', 'icon_height': 2048, 'penny_price': 0, 'award_type': 'global', 'static_icon_url': 'https://i.redd.it/award_images/t5_22cerq/2754pa5jvsj51_GlowUp.png'}]",[],False,698e1674-8ed0-11ea-8354-0e7cf324593d,False,False,False,[],False,,,,t5_2kpdau,False,,,#007373,True,,,58,True,no_ads,False,[],False,dark,/r/delta8/comments/ix26oo/detailed_medicinal_dreams_review_a_critics/,no_ads,False,75969,1600700805.0,0,,False,False,{}
1,h0cqwn,Hushnut97,Lemme get this straight,"So Delta8: 
Is slightly different from delta9
Gets you high (albeit differently)
Is not at risk for fake carts 
Is legal in NY
And can be ordered online to my front door legally?!",1591801323.0,,Questions,https://www.reddit.com/r/delta8/comments/h0cqwn/lemme_get_this_straight/,1,2048,confidence,<praw.reddit.Reddit object at 0x7fbefa6733d0>,,delta8,t2_u2fm2,False,,0,False,[],r/delta8,False,0,,0,,,False,t3_h0cqwn,False,light,0.89,,public,19,0,{},,,False,[],,False,False,,{},False,19,,False,False,self,False,,[],{},,True,,text,0,,,text,self.delta8,True,"<!-- SC_OFF --><div class=""md""><p>So Delta8: 
Is slightly different from delta9
Gets you high (albeit differently)
Is not at risk for fake carts 
Is legal in NY
And can be ordered online to my front door legally?!</p>
</div><!-- SC_ON -->",,,,,True,False,False,False,True,[],[],False,6a5e809c-8ecc-11ea-83fa-0e33671b9533,False,False,False,[],False,,,,t5_2kpdau,False,,,#646d73,True,,,19,True,no_ads,False,[],False,,/r/delta8/comments/h0cqwn/lemme_get_this_straight/,no_ads,False,75969,1591801323.0,0,,False,False,{}
2,gdmfdq,ajdoobies,3chi green crack and distillate syringe,"Got these today ‚Äî emailed desert valley testing to see what‚Äôs up too - will report back

Update : I hit the cartridge reminds me of Lucid Oils a brand out here in Vegas I‚Äôve consumed many times from the dispos-/ have talked to industry people who told me their d-9 yield was super low but they paid labs off or sumthing in the legal market - now I‚Äôm thinking their oil was more D-8 than anything it‚Äôs so similar in effects  ü§î


Still a bit skeived after reading all the fear here but it‚Äôs understandable people have died from bad oils in cannabis carts

For all we know 3CHI extracts insane amounts of D-9 from hemp flower then converts it to D8 ü§∑üèΩ‚Äç‚ôÇÔ∏è having a high concentration of a somewhat illegal molecule inbetween the extraction process then converted to D8 for the end result‚Äî would be a lot of work but that obviously would pay dividends in the long run and seems like it‚Äôs would work within the hemp extracted  only  Farm bill law as a loop hole üï≥",1588634119.0,,,https://www.reddit.com/r/delta8/comments/gdmfdq/3chi_green_crack_and_distillate_syringe/,2,2048,confidence,<praw.reddit.Reddit object at 0x7fbefa6733d0>,,delta8,t2_4bf7ehtw,False,,0,False,[],r/delta8,False,0,,0,,,False,t3_gdmfdq,False,dark,0.89,,public,13,0,{},,,False,[],,False,False,,{},False,13,,False,False,self,1588643075.0,,[],{},,True,,text,0,,,text,self.delta8,False,"<!-- SC_OFF --><div class=""md""><p>Got these today ‚Äî emailed desert valley testing to see what‚Äôs up too - will report back</p>

<p>Update : I hit the cartridge reminds me of Lucid Oils a brand out here in Vegas I‚Äôve consumed many times from the dispos-/ have talked to industry people who told me their d-9 yield was super low but they paid labs off or sumthing in the legal market - now I‚Äôm thinking their oil was more D-8 than anything it‚Äôs so similar in effects  ü§î</p>

<p>Still a bit skeived after reading all the fear here but it‚Äôs understandable people have died from bad oils in cannabis carts</p>

<p>For all we know 3CHI extracts insane amounts of D-9 from hemp flower then converts it to D8 ü§∑üèΩ‚Äç‚ôÇÔ∏è having a high concentration of a somewhat illegal molecule inbetween the extraction process then converted to D8 for the end result‚Äî would be a lot of work but that obviously would pay dividends in the long run and seems like it‚Äôs would work within the hemp extracted  only  Farm bill law as a loop hole üï≥</p>
</div><!-- SC_ON -->",,,,,True,False,False,False,True,[],[],False,,False,False,False,[],False,,,,t5_2kpdau,False,,,,True,,,4,True,no_ads,False,[],False,,/r/delta8/comments/gdmfdq/3chi_green_crack_and_distillate_syringe/,no_ads,False,75969,1588634119.0,0,,False,False,{}
